big5_openness,big5_conscientiousness,big5_extraversion,big5_agreeableness,big5_neuroticism,class_label
0.3248756,0.899516017,0.12778347,0.20925024,0.216258828,micro-oop
0.3248756,0.899516017,0.12778347,0.20925024,0.216258828,oop
0.215033852,0.518942862,0.08550551,0.058149025,0.532572243,oop
0.30716875,0.513724696,0.098802042,0.02312458,0.657454851,oop
0.370592714,0.091605566,0.085106814,0.048429228,0.447233069,micro-oop
0.370592714,0.091605566,0.085106814,0.048429228,0.447233069,database
0.646227144,0.406558686,0.019714224,0.024757577,0.787075037,mobile
0.646227144,0.406558686,0.019714224,0.024757577,0.787075037,oop
0.462596184,0.282851491,0.096246079,0.042993039,0.573424428,oop
0.385566264,0.220505993,0.082085246,0.066844008,0.618286074,web-pro
0.385566264,0.220505993,0.082085246,0.066844008,0.618286074,oop
0.522900452,0.187934289,0.018164632,0.00817651,0.590277469,micro-oop
0.522900452,0.187934289,0.018164632,0.00817651,0.590277469,web-pro
0.605952175,0.34647533,0.059813464,0.028356487,0.702664043,oop
0.470923096,0.231746804,0.062045,0.11960002,0.566690128,oop
0.145636726,0.458468008,0.103011164,0.111742602,0.415788444,micro-oop
0.145636726,0.458468008,0.103011164,0.111742602,0.415788444,oop
0.770108428,0.209751601,0.025391682,0.006453159,0.55164156,web-pro
0.770108428,0.209751601,0.025391682,0.006453159,0.55164156,micro-oop
0.770108428,0.209751601,0.025391682,0.006453159,0.55164156,web-des
0.366031786,0.212282618,0.122075691,0.054698162,0.540165594,micro-oop
0.366031786,0.212282618,0.122075691,0.054698162,0.540165594,oop
0.371836129,0.324593236,0.05700504,0.050951197,0.597217041,web-pro
0.033077159,0.433863708,0.12843346,0.060756268,0.300775156,micro-oop
0.033077159,0.433863708,0.12843346,0.060756268,0.300775156,web-pro
0.095575967,0.432838735,0.338527497,0.084076587,0.147006539,oop
0.095575967,0.432838735,0.338527497,0.084076587,0.147006539,web-pro
0.746207752,0.257541253,0.127178587,0.014837332,0.51024587,micro-oop
0.241150649,0.206011779,0.135707327,0.06142445,0.564606358,web-pro
0.241150649,0.206011779,0.135707327,0.06142445,0.564606358,web-des
0.241150649,0.206011779,0.135707327,0.06142445,0.564606358,micro-oop
0.123912282,0.542709057,0.134790842,0.029398736,0.813526488,web-pro
0.409704903,0.111524122,0.097824326,0.083280698,0.460031614,web-des
0.409704903,0.111524122,0.097824326,0.083280698,0.460031614,web-pro
0.627167158,0.35961962,0.078243971,0.014635735,0.529198894,oop
0.143726327,0.383274041,0.232103746,0.166023534,0.433916277,oop
0.254565182,0.281819822,0.29755694,0.152671155,0.459079094,oop
0.254565182,0.281819822,0.29755694,0.152671155,0.459079094,micro-oop
0.311342171,0.421122945,0.075187155,0.027171644,0.518212807,oop
0.311342171,0.421122945,0.075187155,0.027171644,0.518212807,database
0.311342171,0.421122945,0.075187155,0.027171644,0.518212807,web-pro
0.438499755,0.410370118,0.085602165,0.008722591,0.315560278,oop
0.297408925,0.372177055,0.112016895,0.100602338,0.491858382,micro-oop
0.297408925,0.372177055,0.112016895,0.100602338,0.491858382,oop
0.526512946,0.152885143,0.076674421,0.032822169,0.52906433,oop
0.526512946,0.152885143,0.076674421,0.032822169,0.52906433,web-des
0.356892318,0.411307007,0.134811407,0.03117183,0.614017037,oop
0.686769765,0.339884024,0.220797645,0.022646696,0.646313514,web-pro
0.367352237,0.204591561,0.12228835,0.062521262,0.635747502,micro-oop
0.367352237,0.204591561,0.12228835,0.062521262,0.635747502,web-pro
0.450072588,0.212707623,0.067827702,0.086526359,0.575568478,micro-oop
0.450072588,0.212707623,0.067827702,0.086526359,0.575568478,database
0.188442196,0.11449795,0.227665343,0.192552268,0.037657631,oop
0.060267395,0.278208769,0.332648636,0.192860419,0.380286737,oop
0.060267395,0.278208769,0.332648636,0.192860419,0.380286737,mobile
0.188344071,0.264834478,0.24657382,0.102424209,0.404713048,statistical
0.188344071,0.264834478,0.24657382,0.102424209,0.404713048,oop
0.069047289,0.332747714,0.305723298,0.14748888,0.410246334,web-pro
0.069047289,0.332747714,0.305723298,0.14748888,0.410246334,database
0.313703564,0.185063345,0.060380183,0.0162922,0.490955151,oop
0.694694386,0.231468398,0.241777253,0.05909798,0.758769083,database
0.694694386,0.231468398,0.241777253,0.05909798,0.758769083,web-pro
0.444468987,0.295839974,0.04294196,0.0201708,0.461409925,web-pro
0.464213789,0.197217813,0.084788675,0.058614645,0.576043004,web-pro
0.464213789,0.197217813,0.084788675,0.058614645,0.576043004,web-des
0.393640665,0.266058171,0.176963843,0.106111671,0.549868159,oop
0.393640665,0.266058171,0.176963843,0.106111671,0.549868159,web-pro
0.393640665,0.266058171,0.176963843,0.106111671,0.549868159,database
0.316708831,0.261552916,0.247727412,0.107583799,0.423546283,web-pro
0.316708831,0.261552916,0.247727412,0.107583799,0.423546283,web-des
0.172161425,0.272159126,0.038715085,0.077046757,0.556984282,web-pro
0.172161425,0.272159126,0.038715085,0.077046757,0.556984282,web-des
0.369611189,0.174628185,0.078651486,0.047454902,0.451360231,oop
0.05714786,0.305115466,0.391678426,0.195500411,0.092887724,web-pro
0.05714786,0.305115466,0.391678426,0.195500411,0.092887724,database
0.387935481,0.053590458,0.11165801,0.063817794,0.390344333,web-pro
0.712392134,0.244971847,0.046092491,0.002017698,0.71139096,web-pro
0.712392134,0.244971847,0.046092491,0.002017698,0.71139096,web-des
0.695596443,0.132207642,0.028800799,0.008391978,0.586161669,oop
0.317208982,0.300677103,0.088773186,0.038357785,0.70486491,micro-oop
0.317208982,0.300677103,0.088773186,0.038357785,0.70486491,database
0.33313269,0.342767568,0.06610521,0.010385289,0.667171568,oop
0.446091322,0.268371346,0.217537416,0.048570724,0.683676504,mobile
0.247092558,0.390751337,0.026519774,0.010816727,0.567357697,oop
0.059317864,0.543208431,0.052201745,0.096905245,0.593359755,web-pro
0.596697273,0.084788808,0.005223803,0.063762519,0.463462004,oop
0.57560151,0.322013311,0.102122022,0.398381362,0.527966094,oop
0.517636475,0.431191263,0.143337694,0.083561273,0.584088976,web-pro
0.557364773,0.196564697,0.051739638,0.058870021,0.622115424,oop
0.549033229,0.274106596,0.002970078,0.000675962,0.833114559,micro-oop
0.549033229,0.274106596,0.002970078,0.000675962,0.833114559,database
0.14836627,0.119965561,0.197179011,0.150357578,0.037467978,web-pro
0.14836627,0.119965561,0.197179011,0.150357578,0.037467978,statistical
0.14836627,0.119965561,0.197179011,0.150357578,0.037467978,oop
0.557245436,0.263299104,0.038226092,0.033122094,0.582507819,micro-oop
0.230101996,0.360136758,0.145339851,0.122416188,0.492886011,oop
0.329188321,0.253226857,0.191673135,0.061817491,0.608393975,web-pro
0.329188321,0.253226857,0.191673135,0.061817491,0.608393975,oop
0.259759868,0.577512922,0.094921025,0.078619664,0.462120819,statistical
0.259759868,0.577512922,0.094921025,0.078619664,0.462120819,oop
0.200934209,0.37263791,0.209948413,0.032715909,0.414019261,web-pro
0.200934209,0.37263791,0.209948413,0.032715909,0.414019261,statistical
0.328112207,0.21757324,0.191261926,0.069920271,0.42037659,oop
0.328112207,0.21757324,0.191261926,0.069920271,0.42037659,micro-oop
0.345461811,0.255196402,0.072666882,0.03799353,0.576439767,web-pro
0.345461811,0.255196402,0.072666882,0.03799353,0.576439767,oop
0.217750353,0.323392939,0.219421063,0.138843729,0.683100457,web-pro
0.217750353,0.323392939,0.219421063,0.138843729,0.683100457,database
0.387107872,0.304544128,0.07503084,0.043873077,0.252196891,oop
0.387107872,0.304544128,0.07503084,0.043873077,0.252196891,statistical
0.387107872,0.304544128,0.07503084,0.043873077,0.252196891,web-pro
0.648425691,0.272767683,0.018750548,0.015746052,0.74823955,web-pro
0.648425691,0.272767683,0.018750548,0.015746052,0.74823955,web-des
0.496751917,0.145596539,0.063243717,0.053658816,0.45655814,web-pro
0.496751917,0.145596539,0.063243717,0.053658816,0.45655814,web-des
0.287066379,0.374664071,0.252867721,0.127074879,0.616727479,oop
0.287066379,0.374664071,0.252867721,0.127074879,0.616727479,web-pro
0.091675222,0.158659676,0.2672074,0.156229805,0.106719495,web-pro
0.347155655,0.445943767,0.036361477,0.178157606,0.676849857,oop
0.347155655,0.445943767,0.036361477,0.178157606,0.676849857,micro-oop
0.497377632,0.145119929,0.051792814,0.01168927,0.509578789,statistical
0.497377632,0.145119929,0.051792814,0.01168927,0.509578789,oop
0.562127931,0.069429811,0.008139441,0.039568183,0.448691066,web-pro
0.562127931,0.069429811,0.008139441,0.039568183,0.448691066,web-des
0.440536579,0.268571187,0.079156678,0.116657249,0.449309256,oop
0.440536579,0.268571187,0.079156678,0.116657249,0.449309256,micro-oop
0.361975248,0.174224651,0.032954467,0.007741533,0.574009178,web-pro
0.361975248,0.174224651,0.032954467,0.007741533,0.574009178,web-des
0.16291106,0.437961869,0.179144195,0.169563665,0.622779045,web-pro
0.502910753,0.325457335,0.075884387,0.012308049,0.727848032,database
0.502910753,0.325457335,0.075884387,0.012308049,0.727848032,micro-oop
0.36238333,0.413286356,0.051024785,0.066047912,0.527803147,web-pro
0.36238333,0.413286356,0.051024785,0.066047912,0.527803147,web-des
0.380032872,0.317149073,0.218575597,0.126570552,0.634348284,micro-oop
0.380032872,0.317149073,0.218575597,0.126570552,0.634348284,oop
0.1546367,0.056256774,0.089334649,0.065372515,0.146606544,web-pro
0.1546367,0.056256774,0.089334649,0.065372515,0.146606544,oop
0.309601838,0.366015072,0.104730613,0.028884015,0.459498438,micro-oop
0.303805875,0.152433859,0.237076476,0.101938353,0.417490321,oop
0.09283904,0.403502844,0.239418832,0.147813313,0.546677003,mobile
0.457083355,0.420528703,0.336508686,0.076563419,0.605818257,web-pro
0.457083355,0.420528703,0.336508686,0.076563419,0.605818257,web-des
0.330349921,0.180789519,0.220829489,0.140043237,0.520186472,web-pro
0.330349921,0.180789519,0.220829489,0.140043237,0.520186472,web-des
0.165632531,0.102151835,0.123586297,0.076342712,0.356012776,oop
0.165632531,0.102151835,0.123586297,0.076342712,0.356012776,micro-oop
0.59223413,0.563293152,0.125304978,0.026568897,0.766080708,micro-oop
0.197402153,0.525277386,0.170102615,0.055964866,0.578027964,database
0.197402153,0.525277386,0.170102615,0.055964866,0.578027964,oop
0.151844863,0.465604458,0.150193604,0.043939841,0.529210759,oop
0.151844863,0.465604458,0.150193604,0.043939841,0.529210759,web-pro
0.232434668,0.173237944,0.070771092,0.046920754,0.538020671,micro-oop
0.232434668,0.173237944,0.070771092,0.046920754,0.538020671,web-pro
0.198724623,0.153386128,0.142201945,0.093478771,0.444958981,mobile
0.113810059,0.401783507,0.216707206,0.046032228,0.262830767,oop
0.113810059,0.401783507,0.216707206,0.046032228,0.262830767,database
0.113810059,0.401783507,0.216707206,0.046032228,0.262830767,web-pro
0.362338683,0.202981799,0.116471796,0.088484129,0.348701494,micro-oop
0.141372956,0.685624828,0.296814945,0.231061412,0.772232423,web-des
0.617102564,0.263113662,0.040065603,0.03561376,0.710767785,oop
0.617102564,0.263113662,0.040065603,0.03561376,0.710767785,web-des
0.35444595,0.404840386,0.214765255,0.058384681,0.615816157,oop
0.618340586,0.073498034,0.053289057,0.003845789,0.489766868,database
0.618340586,0.073498034,0.053289057,0.003845789,0.489766868,oop
0.64501847,0.124947225,0.056521493,0.006471759,0.681345319,oop
0.102950865,0.442814544,0.17506109,0.179506999,0.581088622,database
0.05304503,0.242514633,0.250530847,0.270453691,0.445290195,web-pro
0.05304503,0.242514633,0.250530847,0.270453691,0.445290195,database
0.283340221,0.374124315,0.113972081,0.073568509,0.54874417,micro-oop
0.283340221,0.374124315,0.113972081,0.073568509,0.54874417,web-pro
0.230577571,0.161159742,0.072848863,0.081153928,0.33428869,oop
0.151656167,0.557698684,0.066211793,0.165047896,0.580398939,oop
0.151656167,0.557698684,0.066211793,0.165047896,0.580398939,database
0.2609957,0.278866271,0.132635217,0.075024073,0.5551622,oop
0.354863912,0.171093787,0.015184976,0.072712408,0.611163419,web-pro
0.354863912,0.171093787,0.015184976,0.072712408,0.611163419,database
0.354863912,0.171093787,0.015184976,0.072712408,0.611163419,web-des
0.313136526,0.2272419,0.093442672,0.115093358,0.45752649,micro-oop
0.401993308,0.380473426,0.124318731,0.099111354,0.740291827,oop
0.401993308,0.380473426,0.124318731,0.099111354,0.740291827,web-pro
0.176832755,0.30966907,0.173010979,0.169017594,0.510500178,web-pro
0.176832755,0.30966907,0.173010979,0.169017594,0.510500178,micro-oop
0.155563479,0.471309854,0.212393562,0.051854532,0.246221559,oop
0.194834285,0.437130529,0.120146283,0.127493485,0.452184514,web-pro
0.194834285,0.437130529,0.120146283,0.127493485,0.452184514,database
0.277640316,0.471408388,0.090817187,0.180939775,0.49799942,oop
0.376815683,0.27685675,0.305406783,0.130629841,0.517765876,web-pro
0.643576588,0.205979241,0.125423552,0.022764632,0.614595263,oop
0.247880522,0.283644123,0.166178183,0.043264599,0.547830141,web-pro
0.247880522,0.283644123,0.166178183,0.043264599,0.547830141,micro-oop
0.247880522,0.283644123,0.166178183,0.043264599,0.547830141,web-des
0.195096381,0.315974372,0.067073753,0.044894312,0.503242692,oop
0.195096381,0.315974372,0.067073753,0.044894312,0.503242692,web-pro
0.289227702,0.219382346,0.319413892,0.13288946,0.404886565,oop
0.182596536,0.558990778,0.018137345,0.119653244,0.541994211,web-pro
0.443634687,0.14974927,0.052041784,0.020177154,0.6177425,micro-oop
0.465001638,0.218141306,0.066409378,0.032880862,0.492077554,oop
0.465001638,0.218141306,0.066409378,0.032880862,0.492077554,micro-oop
0.447235473,0.544252326,0.579016873,0.159079232,0.884761293,micro-oop
0.589150072,0.370616645,0.155545964,0.032927078,0.625288875,mobile
0.009935869,0.415498123,0.011796512,0.019366447,0.350819422,web-pro
0.42095618,0.429940998,0.174124812,0.06263235,0.642774566,web-pro
0.42095618,0.429940998,0.174124812,0.06263235,0.642774566,micro-oop
0.38435674,0.212110898,0.155121251,0.029169498,0.552327151,oop
0.620616692,0.304839003,0.090208513,0.027669995,0.71730318,oop
0.198412808,0.476040209,0.20585151,0.088854671,0.691396153,web-pro
0.348871198,0.218249854,0.07444299,0.012139187,0.667659094,oop
0.103570257,0.350901338,0.145973714,0.095344709,0.497982748,oop
0.291262746,0.262400951,0.249768646,0.159614848,0.258760488,oop
0.291262746,0.262400951,0.249768646,0.159614848,0.258760488,statistical
0.552977684,0.315828494,0.113639637,0.01601001,0.757869904,web-pro
0.552977684,0.315828494,0.113639637,0.01601001,0.757869904,web-des
0.511030922,0.254563191,0.089695968,0.117462524,0.620708952,oop
0.497209751,0.200846136,0.081784993,0.138862609,0.446460874,statistical
0.497209751,0.200846136,0.081784993,0.138862609,0.446460874,oop
0.741606089,0.184365642,0.036234221,0.00813174,0.711418996,micro-oop
0.741606089,0.184365642,0.036234221,0.00813174,0.711418996,web-pro
0.283781334,0.521622726,0.102954392,0.144293904,0.732068046,micro-oop
0.283781334,0.521622726,0.102954392,0.144293904,0.732068046,web-pro
0.397898261,0.212069004,0.05245044,0.03187973,0.700513265,mobile
0.397898261,0.212069004,0.05245044,0.03187973,0.700513265,oop
0.109095201,0.633383605,0.199167096,0.140840436,0.462433403,web-pro
0.302480441,0.445467214,0.085310225,0.133702917,0.582325088,web-pro
0.15679603,0.407074479,0.028082953,0.008871144,0.600682259,micro-oop
0.560715262,0.196977709,0.036142713,0.015755301,0.471155001,oop
0.560715262,0.196977709,0.036142713,0.015755301,0.471155001,database
0.234464983,0.23874957,0.061678873,0.06619849,0.426129107,micro-oop
0.558485897,0.290006475,0.052007245,0.013405435,0.736390476,oop
0.36524264,0.39817784,0.057463622,0.030518979,0.640988525,web-pro
0.112500593,0.491386371,0.187757006,0.133573134,0.531858245,web-pro
0.062379926,0.423888317,0.26612038,0.082792081,0.222828741,oop
0.062379926,0.423888317,0.26612038,0.082792081,0.222828741,web-pro
0.03530536,0.187815539,0.017095678,0.005708705,0.364016629,database
0.03530536,0.187815539,0.017095678,0.005708705,0.364016629,micro-oop
0.345681579,0.418650577,0.476359327,0.186886502,0.616940407,web-pro
0.345681579,0.418650577,0.476359327,0.186886502,0.616940407,database
0.371495729,0.121306339,0.045395816,0.015817624,0.67403686,oop
0.371495729,0.121306339,0.045395816,0.015817624,0.67403686,database
0.407070749,0.236035816,0.110310998,0.089217898,0.543835922,statistical
0.079907811,0.382665171,0.253650028,0.16381421,0.345854814,web-pro
0.368671675,0.181724471,0.145376741,0.060401451,0.569171407,web-pro
0.368671675,0.181724471,0.145376741,0.060401451,0.569171407,database
0.585120931,0.072587641,0.025935738,0.033686552,0.491339336,oop
0.585120931,0.072587641,0.025935738,0.033686552,0.491339336,web-pro
0.820399197,0.384618753,0.119716881,0.027251456,0.637796297,micro-oop
0.01311179,0.263460968,0.303978791,0.241235285,0.365981239,mobile
0.19398328,0.08827766,0.118663452,0.056703389,0.26536608,oop
0.490787964,0.166235453,0.053183274,0.035075319,0.540836811,web-pro
0.490787964,0.166235453,0.053183274,0.035075319,0.540836811,web-des
0.105575271,0.326548863,0.38633298,0.184783688,0.114950136,web-pro
0.105575271,0.326548863,0.38633298,0.184783688,0.114950136,web-des
0.424312785,0.506705362,0.08337028,0.056070356,0.577908288,statistical
0.246661552,0.384204203,0.22523988,0.117577716,0.342593366,statistical
0.74937951,0.249745146,0.038354047,0.001221922,0.72035644,oop
0.055531752,0.329415435,0.334526218,0.174543754,0.165349736,oop
0.055531752,0.329415435,0.334526218,0.174543754,0.165349736,database
0.055531752,0.329415435,0.334526218,0.174543754,0.165349736,web-pro
0.055531752,0.329415435,0.334526218,0.174543754,0.165349736,mobile
0.119811842,0.43214741,0.157920246,0.132505249,0.509151367,web-pro
0.119811842,0.43214741,0.157920246,0.132505249,0.509151367,web-des
0.174564821,0.509081542,0.129702395,0.070293787,0.520465426,oop
0.568616333,0.137354229,0.029117738,0.006428025,0.502903417,web-pro
0.568616333,0.137354229,0.029117738,0.006428025,0.502903417,oop
0.164604936,0.382180055,0.305889871,0.190838827,0.444976525,web-pro
0.325351945,0.264219583,0.043093475,0.013429432,0.624687449,web-pro
0.325351945,0.264219583,0.043093475,0.013429432,0.624687449,micro-oop
0.073603471,0.243606116,0.127990938,0.047460638,0.209381122,oop
0.526423512,0.209845533,0.099741687,0.043387701,0.612331685,web-pro
0.526423512,0.209845533,0.099741687,0.043387701,0.612331685,web-des
0.057626672,0.245045392,0.043992942,0.028012121,0.409125796,micro-oop
0.83807992,0.166761661,0.171310748,0.049901291,0.676874853,web-pro
0.83807992,0.166761661,0.171310748,0.049901291,0.676874853,web-des
0.026043346,0.462363413,0.04563656,0.065400381,0.257485095,oop
0.026043346,0.462363413,0.04563656,0.065400381,0.257485095,web-des
0.026043346,0.462363413,0.04563656,0.065400381,0.257485095,database
0.809197531,0.399443522,0.13085787,0.019444347,0.653193212,oop
0.10292213,0.835395583,0.609252367,0.366331507,0.900529941,statistical
0.462773867,0.183913127,0.11601215,0.082220364,0.559776562,web-pro
0.462773867,0.183913127,0.11601215,0.082220364,0.559776562,web-des
0.324345175,0.433189817,0.142349365,0.077035503,0.517525338,micro-oop
0.373355554,0.366970887,0.266824184,0.093897411,0.664220937,web-pro
0.095783048,0.514142742,0.113470622,0.086062425,0.557603857,oop
0.215644336,0.425065966,0.220833619,0.110430097,0.421604983,micro-oop
0.10553853,0.601840349,0.181502103,0.10314935,0.65721957,web-pro
0.33642322,0.343515609,0.202360858,0.052787876,0.467104512,statistical
0.22936988,0.465353538,0.138063104,0.151599865,0.516758792,oop
0.333430864,0.450657885,0.049002887,0.027550156,0.755891276,web-pro
0.333430864,0.450657885,0.049002887,0.027550156,0.755891276,micro-oop
0.533387173,0.22805681,0.117851179,0.131704462,0.519236829,statistical
0.269083813,0.368859297,0.244378486,0.096600607,0.613163777,mobile
0.059240942,0.603468104,0.160604417,0.140524556,0.665229952,oop
0.059240942,0.603468104,0.160604417,0.140524556,0.665229952,database
0.599524083,0.303270874,0.14392789,0.045588292,0.642654033,oop
0.306112287,0.277921326,0.283630167,0.109404953,0.400233839,oop
0.306112287,0.277921326,0.283630167,0.109404953,0.400233839,web-pro
0.395199287,0.371656769,0.208162066,0.06704239,0.623806976,web-pro
0.303502774,0.250572258,0.058619513,0.009537209,0.58294427,micro-oop
0.081247422,0.381732941,0.010948761,0.00514586,0.290477484,micro-oop
0.19362698,0.435638783,0.207830368,0.094222691,0.737677068,web-pro
0.19362698,0.435638783,0.207830368,0.094222691,0.737677068,web-des
0.670544632,0.16709897,0.008676556,0.002659637,0.602373739,oop
0.670544632,0.16709897,0.008676556,0.002659637,0.602373739,oop
0.529285949,0.289694025,0.284362966,0.06271036,0.688656607,micro-oop
0.529285949,0.289694025,0.284362966,0.06271036,0.688656607,web-pro
0.636431919,0.728289145,0.246489456,0.118554719,0.883400954,micro-oop
0.636431919,0.728289145,0.246489456,0.118554719,0.883400954,database
0.084084434,0.521017801,0.067374594,0.107359887,0.693606729,web-des
0.084084434,0.521017801,0.067374594,0.107359887,0.693606729,web-pro
0.463060947,0.329322024,0.199380182,0.064326871,0.623883474,micro-oop
0.432840281,0.121554934,0.1561076,0.081485908,0.367084079,statistical
0.48048719,0.197334437,0.074934704,0.009095315,0.74304482,micro-oop
0.114302649,0.541264017,0.086547591,0.074161907,0.762989321,micro-oop
0.115666973,0.490046821,0.093283202,0.133131295,0.458146072,micro-oop
0.115666973,0.490046821,0.093283202,0.133131295,0.458146072,statistical
0.015599047,0.230662073,0.008954031,0.004639397,0.291271706,oop
0.345624975,0.266106317,0.320390385,0.071255354,0.644864081,database
0.273828938,0.561986389,0.11959258,0.071255354,0.644864081,web-pro
0.273828938,0.561986389,0.11959258,0.071255354,0.644864081,micro-oop
0.810215347,0.153191651,0.021953915,0.002349041,0.687964537,oop
0.028870145,0.40874705,0.219033139,0.158977254,0.376853273,web-pro
0.108395262,0.251085064,0.019048316,0.151302149,0.770494823,oop
0.308422387,0.274345427,0.074550206,0.022484131,0.563331285,web-pro
0.350730604,0.193023933,0.090811266,0.063262988,0.555551226,micro-oop
0.16653015,0.363702395,0.32143407,0.25673691,0.212041307,web-pro
0.16653015,0.363702395,0.32143407,0.25673691,0.212041307,web-des
0.69361297,0.561382074,0.005916006,0.012473159,0.606266226,micro-oop
0.197684943,0.579278354,0.055497594,0.141174197,0.72037374,web-pro
0.234606363,0.334761321,0.041975355,0.059746668,0.452343406,web-pro
0.022350111,0.250565714,0.325387938,0.242050004,0.342711436,web-pro
0.022350111,0.250565714,0.325387938,0.242050004,0.342711436,web-des
0.541541436,0.350290991,0.116578227,0.058477851,0.458463111,web-pro
0.30156323,0.549764333,0.065312376,0.720988927,0.496183261,oop
0.396483667,0.334346577,0.200728241,0.04730344,0.561633261,web-pro
0.144452242,0.653035881,0.078439926,0.037672246,0.842687776,database
0.10507043,0.40316954,0.046863367,0.090322325,0.480075254,oop
0.020046285,0.393780014,0.075865393,0.240692172,0.50149653,statistical
0.020046285,0.393780014,0.075865393,0.240692172,0.50149653,mobile
0.020046285,0.393780014,0.075865393,0.240692172,0.50149653,oop
0.122998037,0.382469003,0.172517581,0.693367736,0.486059453,oop
0.122998037,0.382469003,0.172517581,0.693367736,0.486059453,database
0.198624097,0.310850376,0.057165515,0.056620159,0.540419153,micro-oop
0.198624097,0.310850376,0.057165515,0.056620159,0.540419153,oop
0.198624097,0.310850376,0.057165515,0.056620159,0.540419153,web-pro
0.365266636,0.568017582,0.264713221,0.01602896,0.853985368,oop
0.38873623,0.301377856,0.08307934,0.074166561,0.661859,micro-oop
0.38873623,0.301377856,0.08307934,0.074166561,0.661859,database
0.471694925,0.272081331,0.029150878,0.125908269,0.686384563,oop
0.471694925,0.272081331,0.029150878,0.125908269,0.686384563,micro-oop
0.293616054,0.358625306,0.166629184,0.139670533,0.484794315,database
0.123799316,0.514234863,0.033519016,0.0961435,0.693509356,micro-oop
0.123799316,0.514234863,0.033519016,0.0961435,0.693509356,web-pro
0.30059246,0.219361712,0.065233118,0.038692615,0.630122266,database
0.294624584,0.485490576,0.213394424,0.115165081,0.714154487,web-pro
0.165615554,0.087722527,0.159166121,0.13744736,0.046042382,oop
0.587498131,0.148180249,0.016405608,0.008132063,0.487500075,oop
0.469512705,0.376883265,0.086379364,0.023174964,0.758773316,mobile
0.469512705,0.376883265,0.086379364,0.023174964,0.758773316,oop
0.636267268,0.130545732,0.050343795,0.063827241,0.498161196,oop
0.636267268,0.130545732,0.050343795,0.063827241,0.498161196,statistical
0.066002665,0.501866182,0.09684965,0.086924126,0.541013568,web-pro
0.066002665,0.501866182,0.09684965,0.086924126,0.541013568,database
0.100704492,0.419089322,0.153027156,0.10531777,0.559863198,web-pro
0.100704492,0.419089322,0.153027156,0.10531777,0.559863198,web-des
0.380985955,0.458853477,0.088616444,0.044237916,0.652022553,web-pro
0.380985955,0.458853477,0.088616444,0.044237916,0.652022553,web-des
0.380985955,0.458853477,0.088616444,0.044237916,0.652022553,oop
0.328880569,0.250049612,0.044524053,0.086901071,0.4960903,web-pro
0.187361956,0.565159637,0.146926403,0.11816883,0.527933455,web-pro
0.31944855,0.189543364,0.053980884,0.029881693,0.559647832,micro-oop
0.196097689,0.392223753,0.212208606,0.121794508,0.515126123,mobile
0.433606511,0.204264932,0.181528123,0.073580741,0.498442154,web-pro
0.433606511,0.204264932,0.181528123,0.073580741,0.498442154,web-des
0.178270191,0.504359944,0.199622701,0.138031099,0.505537585,oop
0.234607672,0.415323686,0.069011888,0.031196012,0.497876304,web-pro
0.234607672,0.415323686,0.069011888,0.031196012,0.497876304,oop
0.382032028,0.439561745,0.012826709,0.016593591,0.663829987,mobile
0.382032028,0.439561745,0.012826709,0.016593591,0.663829987,oop
0.334186874,0.562219206,0.203212325,0.110640558,0.615630751,web-pro
0.334186874,0.562219206,0.203212325,0.110640558,0.615630751,micro-oop
0.576305177,0.162965936,0.084418445,0.011698499,0.679912233,oop
0.161395367,0.404740479,0.132492941,0.093603328,0.473018194,oop
0.391908806,0.310732738,0.165022458,0.063969537,0.478608057,oop
0.226078675,0.457356349,0.390003599,0.126754333,0.287421951,web-pro
0.206495956,0.052861052,0.106349406,0.042730006,0.1182215,web-pro
0.206495956,0.052861052,0.106349406,0.042730006,0.1182215,database
0.10494748,0.450205436,0.221634886,0.15329671,0.512306683,mobile
0.623486395,0.290932916,0.034225213,0.006178415,0.553787322,web-pro
0.297051487,0.262958147,0.132375033,0.040003393,0.519634043,oop
0.482433349,0.323424607,0.395816448,0.062812326,0.762484458,web-pro
0.482433349,0.323424607,0.395816448,0.062812326,0.762484458,oop
0.334652875,0.255717464,0.145982578,0.033573916,0.589387254,micro-oop
0.410357841,0.346745759,0.129590137,0.131633912,0.561135362,oop
0.551913254,0.414708541,0.272823336,0.145736046,0.732930296,web-pro
0.064524148,0.306885736,0.367973187,0.22044381,0.10209049,web-pro
0.334082747,0.560755689,0.474596448,0.213068474,0.680444082,mobile
0.309903881,0.226714065,0.335455558,0.271349174,0.233841682,web-pro
0.309903881,0.226714065,0.335455558,0.271349174,0.233841682,web-des
0.285593082,0.375637489,0.086372448,0.010899464,0.526294631,micro-oop
0.285593082,0.375637489,0.086372448,0.010899464,0.526294631,oop
0.027604237,0.668774279,0.035704983,0.178028323,0.632183392,oop
0.510289057,0.540649992,0.190465602,0.167672732,0.550532753,oop
0.345565553,0.222105042,0.177529421,0.079795309,0.506642272,oop
0.553588441,0.363375571,0.333910127,0.167680701,0.724099034,micro-oop
0.16006961,0.289772571,0.158916377,0.14988169,0.527986077,web-pro
0.435164019,0.169778698,0.014642333,0.022705149,0.574037891,micro-oop
0.130685164,0.156942274,0.008614567,0.010672713,0.45655872,micro-oop
0.363737783,0.562918674,0.097314968,0.019043567,0.575187197,oop
0.53238825,0.319472604,0.220932697,0.152952846,0.43928416,oop
0.154035639,0.508884423,0.151521715,0.171823806,0.509086125,oop
0.114341339,0.336310618,0.173666408,0.100494824,0.428101929,web-pro
0.114341339,0.336310618,0.173666408,0.100494824,0.428101929,web-des
0.672036635,0.164132507,0.220838062,0.104059425,0.353548386,oop
0.289665885,0.323751946,0.271893161,0.10018866,0.511200538,micro-oop
0.289665885,0.323751946,0.271893161,0.10018866,0.511200538,web-pro
0.891392145,0.134106509,0.136352244,0.065243383,0.631950263,micro-oop
0.163447968,0.444568161,0.223299572,0.140816233,0.571018305,web-pro
0.227924325,0.313251506,0.284642238,0.175894965,0.414198099,oop
0.589602804,0.136065083,0.044183601,0.055487951,0.544998237,web-pro
0.331766017,0.529969111,0.131943903,0.090838033,0.607357083,statistical
0.287943092,0.177935952,0.138392435,0.072391371,0.464953757,web-pro
0.287943092,0.177935952,0.138392435,0.072391371,0.464953757,oop
0.287943092,0.177935952,0.138392435,0.072391371,0.464953757,statistical
0.277494491,0.168629375,0.103657098,0.049174979,0.45344605,oop
0.573674625,0.48426423,0.093643707,0.088246468,0.700327541,web-pro
0.502777077,0.290113892,0.096961288,0.068428609,0.750688444,web-pro
0.502777077,0.290113892,0.096961288,0.068428609,0.750688444,oop
0.333856538,0.280716213,0.228458576,0.096676607,0.643337985,oop
0.333856538,0.280716213,0.228458576,0.096676607,0.643337985,web-pro
0.476523539,0.430107041,0.179655327,0.038885418,0.69624342,oop
0.474886081,0.32819445,0.093248628,0.045091072,0.638428696,oop
0.474886081,0.32819445,0.093248628,0.045091072,0.638428696,web-pro
0.312912083,0.187127043,0.116526392,0.091490561,0.599794978,oop
0.300152726,0.357606891,0.253530167,0.064575789,0.638833437,mobile
0.632223302,0.108350207,0.129283274,0.098823002,0.289846884,web-pro
0.632223302,0.108350207,0.129283274,0.098823002,0.289846884,web-des
0.17098718,0.442581376,0.196078844,0.155131157,0.444510328,mobile
0.17098718,0.442581376,0.196078844,0.155131157,0.444510328,database
0.636381894,0.251562238,0.082728099,0.034991231,0.661712986,web-pro
0.636381894,0.251562238,0.082728099,0.034991231,0.661712986,oop
0.198249381,0.545128817,0.086415907,0.052627554,0.364609822,web-pro
0.352172995,0.226998746,0.159515135,0.075196297,0.506199433,web-pro
0.151094398,0.121600254,0.025029469,0.01455623,0.270958972,web-pro
0.151094398,0.121600254,0.025029469,0.01455623,0.270958972,database
0.3079081,0.535749099,0.085835619,0.063143627,0.843166716,micro-oop
0.147557645,0.323354121,0.088632775,0.071550784,0.409324169,web-pro
0.147557645,0.323354121,0.088632775,0.071550784,0.409324169,web-des
0.226418518,0.47873004,0.145011382,0.079567113,0.421403024,web-des
0.226418518,0.47873004,0.145011382,0.079567113,0.421403024,web-pro
0.563918547,0.129495086,0.034698251,0.006365391,0.66072116,oop
0.563918547,0.129495086,0.034698251,0.006365391,0.66072116,web-pro
0.378018678,0.346296137,0.051273032,0.014753071,0.601868946,micro-oop
0.43131264,0.227796114,0.104017088,0.112386912,0.627719646,oop
0.475075766,0.229054285,0.057492611,0.031155087,0.56309957,micro-oop
0.475075766,0.229054285,0.057492611,0.031155087,0.56309957,database
0.675042964,0.097822974,0.045962261,0.002435603,0.568233383,micro-oop
0.675042964,0.097822974,0.045962261,0.002435603,0.568233383,oop
0.242432638,0.285466112,0.10064335,0.095478714,0.481895671,mobile
0.242432638,0.285466112,0.10064335,0.095478714,0.481895671,web-pro
0.601770555,0.704682392,0.102126314,0.064022512,0.685190299,oop
0.601770555,0.704682392,0.102126314,0.064022512,0.685190299,web-pro
0.291267685,0.301329691,0.07779902,0.040863176,0.526884956,oop
0.496392469,0.302269324,0.050799056,0.005018521,0.752866566,micro-oop
0.496392469,0.302269324,0.050799056,0.005018521,0.752866566,web-pro
0.316029303,0.349584915,0.181154851,0.066352467,0.532852075,web-pro
0.283770385,0.49296641,0.331643888,0.156451424,0.649095661,mobile
0.2616299,0.358922832,0.162451173,0.088017895,0.584114531,web-pro
0.431232226,0.536318995,0.112495475,0.160007563,0.731491594,oop
0.52171876,0.137973799,0.040533264,0.043678952,0.417397349,oop
0.427409446,0.210969212,0.06090702,0.024719636,0.485256205,oop
0.427409446,0.210969212,0.06090702,0.024719636,0.485256205,web-pro
0.185719537,0.331605354,0.24728397,0.171155891,0.646395704,web-pro
0.083683811,0.166655547,0.26398291,0.191858226,0.400787956,micro-oop
0.083683811,0.166655547,0.26398291,0.191858226,0.400787956,web-pro
0.032476229,0.195285973,0.060578431,0.015283928,0.169982316,oop
0.273118151,0.446403987,0.067567902,0.021592086,0.358361455,oop
0.538791869,0.085350319,0.012734687,0.013031337,0.436502721,micro-oop
0.644153146,0.539391456,0.248497894,0.340414173,0.710127954,micro-oop
0.644153146,0.539391456,0.248497894,0.340414173,0.710127954,oop
0.156411612,0.29090946,0.264980778,0.106443885,0.603451546,micro-oop
0.156411612,0.29090946,0.264980778,0.106443885,0.603451546,web-pro
0.156411612,0.29090946,0.264980778,0.106443885,0.603451546,oop
0.132034717,0.400769418,0.14224033,0.048048768,0.641053226,micro-oop
0.132034717,0.400769418,0.14224033,0.048048768,0.641053226,oop
0.140339903,0.400637499,0.201174394,0.08609751,0.679230994,web-pro
0.140339903,0.400637499,0.201174394,0.08609751,0.679230994,oop
0.049731889,0.175661433,0.0097875,0.034811967,0.280250741,database
0.049731889,0.175661433,0.0097875,0.034811967,0.280250741,oop
0.189290489,0.420079506,0.214204435,0.124484963,0.559494681,oop
0.506024277,0.237454185,0.022298588,0.017961546,0.651886562,micro-oop
0.506024277,0.237454185,0.022298588,0.017961546,0.651886562,web-pro
0.082529461,0.17121297,0.197140594,0.138622837,0.092008864,micro-oop
0.638655529,0.272296144,0.055165899,0.028903079,0.741314054,oop
0.240746428,0.435780868,0.092999747,0.041867925,0.560012336,oop
0.240746428,0.435780868,0.092999747,0.041867925,0.560012336,mobile
0.533962404,0.479726599,0.644014694,0.241394507,0.742708776,oop
0.169904192,0.234970254,0.10222888,0.024250215,0.561657274,micro-oop
0.169904192,0.234970254,0.10222888,0.024250215,0.561657274,web-pro
0.186013541,0.536866759,0.172291343,0.080728254,0.619761352,micro-oop
0.186013541,0.536866759,0.172291343,0.080728254,0.619761352,oop
0.752187425,0.153963667,0.013495309,0.008608018,0.638823499,web-pro
0.752187425,0.153963667,0.013495309,0.008608018,0.638823499,database
0.275460828,0.276989568,0.161516759,0.098950013,0.614832073,oop
0.420694314,0.383653884,0.077869213,0.030360307,0.732351432,mobile
0.224916196,0.459464612,0.050873989,0.016779292,0.507543144,web-pro
0.224916196,0.459464612,0.050873989,0.016779292,0.507543144,web-des
0.010254174,0.303082259,0.15518693,0.274432225,0.521716973,micro-oop
0.205061978,0.240446778,0.31672893,0.257304893,0.190291196,statistical
0.710525465,0.231831866,0.013269949,0.008391773,0.662212412,micro-oop
0.710525465,0.231831866,0.013269949,0.008391773,0.662212412,oop
0.19048078,0.285801667,0.26362399,0.198958422,0.190846212,web-pro
0.19048078,0.285801667,0.26362399,0.198958422,0.190846212,web-des
0.303449753,0.402348593,0.049128937,0.034253018,0.271587337,oop
0.139857345,0.366061684,0.041520634,0.048538921,0.686802035,micro-oop
0.139857345,0.366061684,0.041520634,0.048538921,0.686802035,web-pro
0.139857345,0.366061684,0.041520634,0.048538921,0.686802035,database
0.023853598,0.417653253,0.038190944,0.029986394,0.304225448,micro-oop
0.542655573,0.244029481,0.138283319,0.03963111,0.502254205,statistical
0.447852709,0.281654454,0.070186028,0.013219712,0.690535114,micro-oop
0.539296118,0.517780623,0.159707973,0.0154827,0.790832167,web-pro
0.539296118,0.517780623,0.159707973,0.0154827,0.790832167,web-des
0.169336318,0.488480794,0.222159079,0.142442881,0.546243918,statistical
0.366622731,0.171229217,0.057960132,0.029501006,0.444470864,web-pro
0.366622731,0.171229217,0.057960132,0.029501006,0.444470864,micro-oop
0.366622731,0.171229217,0.057960132,0.029501006,0.444470864,web-des
0.170109708,0.363809499,0.155262269,0.147369313,0.472791926,micro-oop
0.439277817,0.234800928,0.061389846,0.070163003,0.722811722,mobile
0.461158513,0.517040532,0.097929622,0.055355922,0.779115558,oop
0.461158513,0.517040532,0.097929622,0.055355922,0.779115558,web-pro
0.325294648,0.44103492,0.193103239,0.166393709,0.483184818,oop
0.325294648,0.44103492,0.193103239,0.166393709,0.483184818,web-pro
0.219333029,0.158364812,0.009672898,0.009214796,0.402987758,web-des
0.219333029,0.158364812,0.009672898,0.009214796,0.402987758,web-pro
0.197770789,0.397682399,0.261887344,0.136367204,0.5923018,oop
0.197770789,0.397682399,0.261887344,0.136367204,0.5923018,web-pro
0.564240479,0.360397069,0.108563525,0.05751527,0.720133672,micro-oop
0.239250697,0.164555512,0.06937994,0.01079316,0.594012882,oop
0.356232492,0.417723564,0.08513932,0.040242813,0.713940882,web-pro
0.356232492,0.417723564,0.08513932,0.040242813,0.713940882,micro-oop
0.45245238,0.21252299,0.06556806,0.007673466,0.575768361,oop
0.525683244,0.147295738,0.034873254,0.119055201,0.567033104,web-pro
0.525683244,0.147295738,0.034873254,0.119055201,0.567033104,oop
0.525683244,0.147295738,0.034873254,0.119055201,0.567033104,web-des
0.3899024,0.431464349,0.103917668,0.081350607,0.750856357,oop
0.521956421,0.267747913,0.086232101,0.015146876,0.665554046,web-pro
0.521956421,0.267747913,0.086232101,0.015146876,0.665554046,web-des
0.216449737,0.361110345,0.170240522,0.050663612,0.577932292,web-des
0.216449737,0.361110345,0.170240522,0.050663612,0.577932292,web-pro
0.29341129,0.401375378,0.234450729,0.117008432,0.855766143,web-pro
0.212913907,0.435736596,0.24370431,0.144189428,0.605131078,web-des
0.212913907,0.435736596,0.24370431,0.144189428,0.605131078,database
0.223868556,0.413570044,0.205938467,0.117421141,0.498211055,mobile
0.13953502,0.25538223,0.376445775,0.243424342,0.122225204,oop
0.195459458,0.297459751,0.030373284,0.017945218,0.285018914,oop
0.346569438,0.584459219,0.142122327,0.181771592,0.788216854,web-pro
0.417656012,0.227559938,0.038325935,0.043532893,0.519516462,oop
0.117084458,0.532941174,0.071487461,0.053851734,0.646902934,oop
0.360622977,0.333644172,0.175324845,0.061216754,0.627753515,oop
0.360622977,0.333644172,0.175324845,0.061216754,0.627753515,micro-oop
0.360622977,0.333644172,0.175324845,0.061216754,0.627753515,mobile
0.281420645,0.169567,0.067904945,0.019158753,0.634397671,web-pro
0.281420645,0.169567,0.067904945,0.019158753,0.634397671,micro-oop
0.325078318,0.240224742,0.043320692,0.030889353,0.668984714,oop
0.325078318,0.240224742,0.043320692,0.030889353,0.668984714,web-pro
0.302896562,0.264713264,0.049485787,0.030558487,0.624466284,mobile
0.312385554,0.367091315,0.152311511,0.062187977,0.575980041,oop
0.154350735,0.301098131,0.314598099,0.285518649,0.154412862,micro-oop
0.179873991,0.565270971,0.083202773,0.060375455,0.460797377,web-pro
0.430946419,0.541545111,0.063223402,0.038999235,0.817603175,oop
0.430946419,0.541545111,0.063223402,0.038999235,0.817603175,mobile
0.324234327,0.510449127,0.307822802,0.165925545,0.624897263,oop
0.345795973,0.49412418,0.048357621,0.013210637,0.479012384,oop
0.345795973,0.49412418,0.048357621,0.013210637,0.479012384,web-pro
0.421228806,0.360335554,0.114445113,0.083032478,0.519025505,oop
0.130000557,0.610752568,0.142680218,0.099876976,0.485107909,web-pro
0.431084123,0.19832317,0.198351865,0.068092983,0.625784476,web-pro
0.431084123,0.19832317,0.198351865,0.068092983,0.625784476,database
0.708590575,0.221308922,0.087301184,0.026398619,0.670531153,mobile
0.123722155,0.636067249,0.211954692,0.199524627,0.543769296,web-pro
0.13470555,0.343622018,0.1012225,0.040716949,0.327845118,micro-oop
0.13470555,0.343622018,0.1012225,0.040716949,0.327845118,database
0.301808653,0.181251978,0.058502109,0.062494093,0.504481463,oop
0.301808653,0.181251978,0.058502109,0.062494093,0.504481463,database
0.194911938,0.557829842,0.131438569,0.082548798,0.444310528,mobile
0.756808833,0.261900734,0.042803396,0.020115551,0.57838083,oop
0.582469824,0.13220285,0.017896881,0.065622523,0.601047689,oop
0.475586087,0.214804782,0.113002868,0.02832527,0.530130966,web-pro
0.490988356,0.272095693,0.171033461,0.06299259,0.566744899,micro-oop
0.490988356,0.272095693,0.171033461,0.06299259,0.566744899,statistical
0.490988356,0.272095693,0.171033461,0.06299259,0.566744899,database
0.578624907,0.354242893,0.15415346,0.072891191,0.621831337,web-des
0.578624907,0.354242893,0.15415346,0.072891191,0.621831337,web-des
0.142929491,0.636876585,0.066620096,0.067275945,0.410537241,oop
0.55907383,0.298334448,0.028093361,0.001668239,0.735227391,oop
0.456412425,0.622997644,0.160836252,0.201211597,0.46657191,database
0.52916001,0.476991211,0.113194977,0.070752178,0.393474221,statistical
0.126921016,0.272347091,0.200720823,0.115861865,0.217943835,web-pro
0.282439939,0.384655943,0.119754574,0.027269673,0.637727475,micro-oop
0.042479449,0.559437408,0.042097939,0.227809677,0.496030979,statistical
0.042479449,0.559437408,0.042097939,0.227809677,0.496030979,oop
0.405584324,0.235724389,0.111394388,0.089428559,0.54340239,statistical
0.558181094,0.326044807,0.011750162,0.098903048,0.55013788,web-pro
0.218223575,0.241099808,0.144786795,0.061022951,0.465016844,web-pro
0.218223575,0.241099808,0.144786795,0.061022951,0.465016844,oop
0.282380978,0.53291917,0.183457766,0.108941343,0.496025685,statistical
0.468053826,0.255435095,0.042517009,0.003559082,0.66153373,oop
0.783800574,0.206647081,0.020683372,0.025690496,0.714992804,micro-oop
0.783800574,0.206647081,0.020683372,0.025690496,0.714992804,database
0.22132952,0.432251906,0.234874019,0.195785883,0.629038264,oop
0.311401651,0.274165642,0.105940975,0.047119437,0.35645271,oop
0.311401651,0.274165642,0.105940975,0.047119437,0.35645271,database
0.114057223,0.099341232,0.213080814,0.101974988,0.060230315,web-pro
0.196931796,0.279966571,0.20708178,0.112366691,0.657215141,web-pro
0.196931796,0.279966571,0.20708178,0.112366691,0.657215141,web-des
0.600579155,0.235992583,0.1398523,0.045593961,0.588531522,oop
0.600579155,0.235992583,0.1398523,0.045593961,0.588531522,web-pro
0.808926935,0.748646813,0.225838394,0.204045368,0.418766125,web-pro
0.808926935,0.748646813,0.225838394,0.204045368,0.418766125,database
0.726648204,0.837750878,0.084221061,0.169699584,0.493314352,web-pro
0.596268718,0.798258655,0.019948156,0.14898995,0.595718455,web-pro
0.596268718,0.798258655,0.019948156,0.14898995,0.595718455,web-des
0.914931263,0.674338831,0.138763392,0.073860934,0.226141486,micro-oop
0.914931263,0.674338831,0.138763392,0.073860934,0.226141486,web-pro
0.56890092,0.765103629,0.039292075,0.297148365,0.066355008,micro-oop
0.389024977,0.588414405,0.109401469,0.110914709,0.412590951,web-pro
0.389024977,0.588414405,0.109401469,0.110914709,0.412590951,web-des
0.830615521,0.735699038,0.039915519,0.04718766,0.780729906,oop
0.679940103,0.577928248,0.130101014,0.047900865,0.367369867,oop
0.679940103,0.577928248,0.130101014,0.047900865,0.367369867,micro-oop
0.843480614,0.485481915,0.038285061,0.023344296,0.261716396,oop
0.843480614,0.485481915,0.038285061,0.023344296,0.261716396,web-des
0.968202822,0.421878247,0.13721471,0.059136107,0.231812528,oop
0.887504208,0.710254664,0.035251064,0.043908805,0.751198053,oop
0.887504208,0.710254664,0.035251064,0.043908805,0.751198053,web-pro
0.834263361,0.536341387,0.055643424,0.174667647,0.59414937,web-pro
0.834263361,0.536341387,0.055643424,0.174667647,0.59414937,database
0.8369611,0.4609618,0.064580636,0.006728772,0.444684395,micro-oop
0.570404222,0.384737011,0.05374553,0.011712158,0.416223448,web-pro
0.570404222,0.384737011,0.05374553,0.011712158,0.416223448,oop
0.570404222,0.384737011,0.05374553,0.011712158,0.416223448,web-des
0.765720857,0.262425699,0.011119371,0.023949757,0.934238975,oop
0.677276094,0.726749412,0.038187202,0.141335868,0.212419278,micro-oop
0.677276094,0.726749412,0.038187202,0.141335868,0.212419278,database
0.919564696,0.444353421,0.211520131,0.309106239,0.380144249,web-des
0.919564696,0.444353421,0.211520131,0.309106239,0.380144249,web-pro
0.511053165,0.087372726,0.116483526,0.183425842,0.999998866,web-pro
0.522868403,0.773740499,0.430012435,0.139289057,0.350800163,oop
0.522868403,0.773740499,0.430012435,0.139289057,0.350800163,micro-oop
0.752289349,0.810513094,0.065816149,0.210686413,0.475803785,statistical
0.944882461,0.33270626,0.140299993,0.02686637,0.31003192,oop
0.838683072,0.650568533,0.207972926,0.056441281,0.177602695,micro-oop
0.838683072,0.650568533,0.207972926,0.056441281,0.177602695,web-pro
0.161048463,0.774473186,0.060410455,0.632905231,0.222010883,oop
0.52331241,0.145761386,0.013495151,0.031157671,0.807518436,micro-oop
0.52331241,0.145761386,0.013495151,0.031157671,0.807518436,web-pro
0.512136568,0.687535956,0.054638866,0.222332953,0.538145127,web-pro
0.512136568,0.687535956,0.054638866,0.222332953,0.538145127,database
0.868569742,0.615191564,0.067083726,0.201052607,0.581423788,statistical
0.868569742,0.615191564,0.067083726,0.201052607,0.581423788,oop
0.909895189,0.425785057,0.075975447,0.004172441,0.277472003,micro-oop
0.909895189,0.425785057,0.075975447,0.004172441,0.277472003,database
0.875747652,0.515018943,0.278801766,0.181344858,0.2705798,oop
0.659688514,0.378660981,0.274405836,0.198035,0.977827785,oop
0.569302387,0.802193289,0.071951022,0.038398805,0.330494369,database
0.647087738,0.395336241,0.070664516,0.179193564,0.595589427,web-des
0.647087738,0.395336241,0.070664516,0.179193564,0.595589427,oop
0.723287083,0.363120887,0.028958417,0.161547119,0.432547029,statistical
0.723287083,0.363120887,0.028958417,0.161547119,0.432547029,web-pro
0.723287083,0.363120887,0.028958417,0.161547119,0.432547029,oop
0.716078001,0.498700457,0.071643202,0.072229908,0.411055,micro-oop
0.756816889,0.585473963,0.00896524,0.014728701,0.583889218,web-pro
0.756816889,0.585473963,0.00896524,0.014728701,0.583889218,statistical
0.724230396,0.443946927,0.114641286,0.065499119,0.531407863,oop
0.823594927,0.292207689,0.320865752,0.063032545,0.423171537,web-des
0.822380359,0.716910039,0.075520401,0.254318093,0.397924309,oop
0.739856748,0.334333083,0.115014926,0.156739937,0.280015544,web-pro
0.739856748,0.334333083,0.115014926,0.156739937,0.280015544,micro-oop
0.874948442,0.372497809,0.063909882,0.040840241,0.26293726,micro-oop
0.720268959,0.855079056,0.180494954,0.351736111,0.392712094,micro-oop
0.720268959,0.855079056,0.180494954,0.351736111,0.392712094,database
0.833291069,0.519651446,0.068407027,0.000160428,0.01287401,oop
0.349405293,0.688900321,0.019282903,0.099718467,0.044562886,mobile
0.349405293,0.688900321,0.019282903,0.099718467,0.044562886,oop
0.667974686,0.458490128,0.113619504,0.10773629,0.745073119,oop
0.667974686,0.458490128,0.113619504,0.10773629,0.745073119,oop
0.857928874,0.694981629,0.083673844,0.03021832,0.365452514,oop
0.857928874,0.694981629,0.083673844,0.03021832,0.365452514,statistical
0.757120776,0.623218636,0.220563575,0.157135599,0.196193907,micro-oop
0.757120776,0.623218636,0.220563575,0.157135599,0.196193907,web-pro
0.902400703,0.344461895,0.015587929,0.003706918,0.404603412,web-pro
0.902400703,0.344461895,0.015587929,0.003706918,0.404603412,oop
0.626261297,0.60820509,0.030145041,0.012375562,0.717880819,mobile
0.626261297,0.60820509,0.030145041,0.012375562,0.717880819,web-pro
0.659972144,0.502558158,0.335259374,0.217883298,0.638468771,web-pro
0.898205486,0.608987968,0.147715928,0.163331364,0.342652381,mobile
0.891670894,0.546001804,0.094238689,0.098074984,0.512360945,oop
0.456635377,0.344035479,0.299687083,0.274921837,0.84865865,oop
0.456635377,0.344035479,0.299687083,0.274921837,0.84865865,micro-oop
0.510043203,0.67010743,0.056963521,0.053743033,0.623883892,web-pro
0.510043203,0.67010743,0.056963521,0.053743033,0.623883892,micro-oop
0.305642019,0.901092755,0.038329864,0.257097332,0.453883939,micro-oop
0.305642019,0.901092755,0.038329864,0.257097332,0.453883939,database
0.318414164,0.408649536,0.026934233,0.0159897,0.803244425,web-pro
0.318414164,0.408649536,0.026934233,0.0159897,0.803244425,web-des
0.813291072,0.5278997,0.07043897,0.044454899,0.264022929,statistical
0.557262185,0.747130694,0.315254016,0.233834381,0.933119758,oop
0.557262185,0.747130694,0.315254016,0.233834381,0.933119758,micro-oop
0.585747188,0.724818277,0.529268738,0.283991197,0.245439735,web-pro
0.585747188,0.724818277,0.529268738,0.283991197,0.245439735,web-des
0.334357627,0.392021014,0.407599917,0.356273419,0.297418022,web-pro
0.400974444,0.59626445,0.020755446,0.121566135,0.369284146,web-pro
0.400974444,0.59626445,0.020755446,0.121566135,0.369284146,web-des
0.720013622,0.843500941,0.057213038,0.21038632,0.512729307,web-pro
0.720013622,0.843500941,0.057213038,0.21038632,0.512729307,mobile
0.720013622,0.843500941,0.057213038,0.21038632,0.512729307,web-des
0.658664722,0.803375511,0.082817046,0.097193507,0.267635842,web-pro
0.658664722,0.803375511,0.082817046,0.097193507,0.267635842,web-des
0.762977143,0.573097515,0.076463747,0.038520368,0.362269797,micro-oop
0.762977143,0.573097515,0.076463747,0.038520368,0.362269797,web-pro
0.762977143,0.573097515,0.076463747,0.038520368,0.362269797,web-des
0.972668127,0.351224913,0.208133381,0.211328736,0.293068321,micro-oop
0.972668127,0.351224913,0.208133381,0.211328736,0.293068321,oop
0.715532131,0.854034632,0.085227022,0.238068471,0.465378609,oop
0.787510973,0.482033134,0.095023606,0.07856613,0.30527685,micro-oop
0.79216895,0.383163403,0.032134182,0.012974305,0.35660084,web-pro
0.79216895,0.383163403,0.032134182,0.012974305,0.35660084,web-des
0.880902089,0.430005236,0.059923914,0.001285905,0.588846089,mobile
0.580089669,0.797706034,0.027877012,0.233690095,0.283693838,micro-oop
0.294889938,0.223005056,0.344534358,0.276749963,1.50E-06,oop
0.806748012,0.762849113,0.113391714,0.231451871,0.476124346,oop
0.806748012,0.762849113,0.113391714,0.231451871,0.476124346,statistical
0.660582049,0.735530912,0.16033493,0.096314479,0.218826019,web-pro
0.660582049,0.735530912,0.16033493,0.096314479,0.218826019,mobile
0.571178871,0.770453452,0.130456393,0.143882257,0.382923781,oop
0.836955191,0.494407544,0.087523162,0.01572286,0.366278482,oop
0.836955191,0.494407544,0.087523162,0.01572286,0.366278482,web-pro
0.836955191,0.494407544,0.087523162,0.01572286,0.366278482,database
0.556992753,0.190637366,0.10180999,0.236730711,0.998912179,web-pro
0.748951921,0.619760804,0.245703172,0.239155337,0.268740348,database
0.748951921,0.619760804,0.245703172,0.239155337,0.268740348,web-pro
0.295905834,0.153619488,0.117191758,0.289528194,0.999999987,oop
0.939080055,0.383089863,0.040307098,0.009575078,0.276365101,oop
0.208172156,0.724622405,0.00409533,0.202723456,0.062088923,oop
0.208172156,0.724622405,0.00409533,0.202723456,0.062088923,web-pro
0.644669198,0.962044691,0.796893581,0.969968715,0.530312093,web-pro
0.644669198,0.962044691,0.796893581,0.969968715,0.530312093,database
0.644669198,0.962044691,0.796893581,0.969968715,0.530312093,web-des
0.786486954,0.793641566,0.100838784,0.179921818,0.527542842,web-pro
0.786486954,0.793641566,0.100838784,0.179921818,0.527542842,micro-oop
0.702624668,0.826477043,0.255926786,0.257053539,0.570097954,web-des
0.702624668,0.826477043,0.255926786,0.257053539,0.570097954,web-pro
0.423839931,0.344511717,0.042907967,0.021394542,0.988200945,web-pro
0.741094421,0.605882121,0.023997615,0.07150414,0.530536006,mobile
0.881529615,0.516036001,0.10530754,0.022653664,0.146941383,oop
0.801403908,0.808136019,0.166138771,0.148800491,0.548715281,web-pro
0.801403908,0.808136019,0.166138771,0.148800491,0.548715281,oop
0.877468451,0.204973561,0.018741987,0.003000248,0.647289849,web-pro
0.877468451,0.204973561,0.018741987,0.003000248,0.647289849,oop
0.877468451,0.204973561,0.018741987,0.003000248,0.647289849,mobile
0.873054701,0.251589468,0.015410752,0.004268841,0.464673076,oop
0.873054701,0.251589468,0.015410752,0.004268841,0.464673076,web-pro
0.821285929,0.401944426,0.128124497,0.379419935,0.93539876,web-pro
0.821285929,0.401944426,0.128124497,0.379419935,0.93539876,web-des
0.934742332,0.291830789,0.14946613,0.031782374,0.385444572,oop
0.934742332,0.291830789,0.14946613,0.031782374,0.385444572,web-pro
0.934742332,0.291830789,0.14946613,0.031782374,0.385444572,web-des
0.419279877,0.259585362,0.075224588,0.136108992,0.69848742,web-pro
0.419279877,0.259585362,0.075224588,0.136108992,0.69848742,database
0.335028264,0.242829226,0.316271108,0.281149622,0.932077137,statistical
0.68966065,0.521896214,0.085159576,0.092927045,0.35823218,oop
0.942128968,0.38127535,0.094293395,0.034185087,0.422456516,oop
0.942128968,0.38127535,0.094293395,0.034185087,0.422456516,web-pro
0.904321372,0.336463001,0.238416634,0.001467885,0.628706851,oop
0.904321372,0.336463001,0.238416634,0.001467885,0.628706851,web-pro
0.904321372,0.336463001,0.238416634,0.001467885,0.628706851,database
0.707913829,0.647792252,0.079127824,0.049480791,0.367645967,web-pro
0.707913829,0.647792252,0.079127824,0.049480791,0.367645967,web-des
0.707913829,0.647792252,0.079127824,0.049480791,0.367645967,micro-oop
0.702491093,0.601483289,0.067460033,0.036956723,0.478441313,micro-oop
0.694219347,0.73509942,0.195609319,0.411578677,0.910829646,micro-oop
0.694219347,0.73509942,0.195609319,0.411578677,0.910829646,oop
0.923485337,0.55819242,0.143533969,0.022715793,0.432508377,oop
0.780489723,0.724661313,0.450820478,0.120424864,0.209345756,oop
0.944615146,0.345703112,0.261405375,0.001938332,0.399244392,web-pro
0.794646965,0.931525256,0.419704899,0.117040195,0.392382624,micro-oop
0.794646965,0.931525256,0.419704899,0.117040195,0.392382624,web-pro
0.794646965,0.931525256,0.419704899,0.117040195,0.392382624,web-des
0.290808436,0.375091396,0.477007931,0.244599668,0.997635629,web-des
0.290808436,0.375091396,0.477007931,0.244599668,0.997635629,web-pro
0.788924729,0.470863243,0.098605533,0.020121686,0.460351452,oop
0.842307787,0.703890276,0.037555768,0.038976269,0.375202422,web-pro
0.842307787,0.703890276,0.037555768,0.038976269,0.375202422,web-des
0.886694334,0.795021388,0.124281474,0.132921285,0.147654281,oop
0.666520542,0.719810417,0.09487603,0.102663793,0.576991453,oop
0.752238558,0.663504518,0.112504018,0.206628168,0.347426449,web-pro
0.752238558,0.663504518,0.112504018,0.206628168,0.347426449,web-des
0.752238558,0.663504518,0.112504018,0.206628168,0.347426449,web-pro
0.954343499,0.254956233,0.055905738,0.017746867,0.462154069,oop
0.822533597,0.829242881,0.293617358,0.366970928,0.481081825,oop
0.735574958,0.564532598,0.055520658,0.096786658,0.649452833,web-pro
0.362484817,0.267197883,0.431372123,0.255556484,0.999003317,oop
0.796635594,0.823662105,0.019709768,0.091728839,0.090309062,web-pro
0.796635594,0.823662105,0.019709768,0.091728839,0.090309062,database
0.963873402,0.288015092,0.144207533,0.099801389,0.746164511,statistical
0.963873402,0.288015092,0.144207533,0.099801389,0.746164511,oop
0.091523146,0.206505658,0.105807099,0.088591354,0.776104198,micro-oop
0.67829132,0.725675729,0.117788262,0.099282674,0.509894974,oop
0.67829132,0.725675729,0.117788262,0.099282674,0.509894974,web-pro
0.67829132,0.725675729,0.117788262,0.099282674,0.509894974,mobile
0.874110853,0.772151773,0.138230559,0.422335046,0.229520699,web-pro
0.874110853,0.772151773,0.138230559,0.422335046,0.229520699,web-des
0.596961858,0.600370311,0.019038697,0.129739033,0.335095076,mobile
0.688651796,0.391053171,0.065966593,0.013676244,0.900957188,micro-oop
0.837408149,0.438755073,0.066600368,0.120002979,0.468203802,oop
0.751721046,0.75374138,0.026540355,0.009088653,0.245628348,micro-oop
0.781881918,0.468465645,0.03205876,0.018935457,0.440702483,micro-oop
0.781881918,0.468465645,0.03205876,0.018935457,0.440702483,oop
0.873660095,0.376883093,0.156765222,0.112901783,0.555026752,web-pro
0.873660095,0.376883093,0.156765222,0.112901783,0.555026752,web-des
0.468061844,0.320880924,0.216668539,0.146001034,0.870108657,web-pro
0.468061844,0.320880924,0.216668539,0.146001034,0.870108657,database
0.639487476,0.936068224,0.092728961,0.315146739,0.152710793,oop
0.639487476,0.936068224,0.092728961,0.315146739,0.152710793,mobile
0.680305467,0.050489754,0.140898814,0.130692974,0.999734905,web-des
0.680305467,0.050489754,0.140898814,0.130692974,0.999734905,web-pro
0.914515743,0.71811148,0.154383137,0.026960968,0.109634323,oop
0.914515743,0.71811148,0.154383137,0.026960968,0.109634323,web-des
0.914515743,0.71811148,0.154383137,0.026960968,0.109634323,web-pro
0.350142257,0.671741813,0.019810782,0.106996396,0.128392845,oop
0.502822828,0.109092507,0.055803644,0.019436613,0.927656546,web-pro
0.502822828,0.109092507,0.055803644,0.019436613,0.927656546,web-des
0.7899659,0.889643914,0.552312091,0.724952984,0.117388158,web-pro
0.7899659,0.889643914,0.552312091,0.724952984,0.117388158,web-des
0.785080871,0.616637884,0.02776231,0.343901541,0.073202233,web-pro
0.785080871,0.616637884,0.02776231,0.343901541,0.073202233,web-des
0.403892952,0.660626357,0.057883849,0.258989742,0.609192801,oop
0.911453026,0.789019208,0.243951508,0.120467989,0.285814079,database
0.83219655,0.86455679,0.085227587,0.426966037,0.378579707,web-pro
0.705702986,0.714738676,0.017360144,0.162434531,0.311950367,web-pro
0.705702986,0.714738676,0.017360144,0.162434531,0.311950367,web-des
0.635202965,0.866142894,0.066016408,0.175857795,0.382690089,oop
0.829731548,0.692545457,0.191119816,0.156880743,0.289548948,micro-oop
0.907586512,0.715704851,0.058886939,0.052234668,0.462083905,oop
0.550171451,0.827223931,0.008672031,0.148131779,0.92279401,mobile
0.821332726,0.545850258,0.071309508,0.079343631,0.46042953,web-pro
0.821332726,0.545850258,0.071309508,0.079343631,0.46042953,oop
0.848936637,0.464167908,0.09583284,0.115327667,0.524649546,oop
0.848936637,0.464167908,0.09583284,0.115327667,0.524649546,web-pro
0.742357173,0.791182315,0.171908182,0.394339783,0.505885322,web-pro
0.742357173,0.791182315,0.171908182,0.394339783,0.505885322,oop
0.742357173,0.791182315,0.171908182,0.394339783,0.505885322,database
0.66667888,0.351650232,0.386193239,0.086041791,0.897923964,micro-oop
0.899620321,0.868874174,0.149119794,0.178181063,0.230094675,web-des
0.899620321,0.868874174,0.149119794,0.178181063,0.230094675,web-pro
0.955321741,0.272309038,0.067763207,0.038868211,0.5345784,web-pro
0.787076041,0.672206113,0.084941724,0.054274275,0.451988995,oop
0.628343063,0.251509996,0.057432376,0.01230245,0.893340023,micro-oop
0.698891343,0.161040596,0.070062718,0.117412072,0.994827089,web-pro
0.891446722,0.490877939,0.079088324,0.110817201,0.512930002,micro-oop
0.891446722,0.490877939,0.079088324,0.110817201,0.512930002,web-pro
0.645336829,0.643142352,0.02285968,0.028280561,0.845908584,web-pro
0.797163845,0.109981142,0.079980117,0.10939335,0.970968027,web-des
0.797163845,0.109981142,0.079980117,0.10939335,0.970968027,web-pro
0.742923893,0.68850682,0.094133892,0.105912876,0.40723638,mobile
0.623150468,0.841584177,0.289124036,0.082906647,0.082906647,micro-oop
0.688314704,0.826732612,0.023039116,0.098841865,0.54827234,web-pro
0.251565173,0.229323747,0.343071065,0.276730585,0.047116802,oop
0.251565173,0.229323747,0.343071065,0.276730585,0.047116802,database
0.891424573,0.702293315,0.16246769,0.16246769,0.484611241,oop
0.67945704,0.67945704,0.322650237,0.13279188,0.366426424,oop
0.487573832,0.652134969,0.063111546,0.050617027,0.532525299,mobile
0.778286136,0.511014273,0.051161229,0.084460885,0.315322947,mobile
0.900928433,0.48965193,0.102055232,0.233204415,0.335326903,web-pro
0.840750229,0.495058444,0.10944612,0.12741298,0.462706139,micro-oop
0.811224992,0.773435896,0.059150063,0.333351105,0.508498606,oop
0.888006901,0.451748115,0.145788982,0.019866776,0.56637896,oop
0.888006901,0.451748115,0.145788982,0.019866776,0.56637896,statistical
0.771046355,0.775405664,0.030027249,0.096924856,0.703016466,web-pro
0.771046355,0.775405664,0.030027249,0.096924856,0.703016466,web-des
0.898981498,0.33522492,0.021629041,0.040211689,0.19800539,mobile
0.898981498,0.33522492,0.021629041,0.040211689,0.19800539,oop
0.775629274,0.598404706,0.043575369,0.026081393,0.467354406,oop
0.811026972,0.84739623,0.10510755,0.213270428,0.367990273,web-pro
0.811026972,0.84739623,0.10510755,0.213270428,0.367990273,database
0.864692563,0.193988056,0.043609986,0.007243462,0.083862719,mobile
0.727624322,0.364195489,0.026785094,0.005948482,0.34383158,web-pro
0.727624322,0.364195489,0.026785094,0.005948482,0.34383158,web-des
0.796085136,0.509771342,0.180268242,0.154416939,0.381174473,web-pro
0.796085136,0.509771342,0.180268242,0.154416939,0.381174473,web-des
0.32075437,0.678879468,0.082287249,0.047769457,0.313314226,micro-oop
0.32075437,0.678879468,0.082287249,0.047769457,0.313314226,web-pro
0.842864771,0.860900651,0.382493643,0.334892374,0.367726487,micro-oop
0.842864771,0.860900651,0.382493643,0.334892374,0.367726487,database
0.536584534,0.368065399,0.161769566,0.079333734,0.756378676,web-pro
0.536584534,0.368065399,0.161769566,0.079333734,0.756378676,web-des
0.85578186,0.412163547,0.126835545,0.208262662,0.612033591,micro-oop
0.85578186,0.412163547,0.126835545,0.208262662,0.612033591,database
0.875871953,0.357409161,0.027051334,0.002831903,0.69286906,oop
0.426464194,0.883119581,0.022372663,0.279877503,0.504752861,oop
0.643295561,0.345799174,0.061950158,0.058240691,0.56837001,micro-oop
0.759228386,0.891255618,0.080410926,0.15241816,0.29649681,oop
0.752882374,0.415782347,0.167090438,0.010412437,0.304844593,oop
0.827870787,0.532267172,0.226219887,0.231584889,0.416499883,micro-oop
0.69733895,0.574828922,0.027879147,0.031487078,0.046810435,database
0.69733895,0.574828922,0.027879147,0.031487078,0.046810435,web-pro
0.720402177,0.530161823,0.547560792,0.012270034,0.325237942,web-pro
0.720402177,0.530161823,0.547560792,0.012270034,0.325237942,micro-oop
0.798433529,0.020244806,0.128207169,0.008844618,0.949682827,oop
0.72411223,0.234961409,0.02852566,0.002176137,0.658870752,oop
0.72411223,0.234961409,0.02852566,0.002176137,0.658870752,web-pro
0.72411223,0.234961409,0.02852566,0.002176137,0.658870752,micro-oop
0.879809012,0.657732228,0.215789808,0.099181903,0.213075226,web-pro
0.879809012,0.657732228,0.215789808,0.099181903,0.213075226,web-pro
0.884993911,0.1767662,0.015504798,0.027028304,0.49134963,mobile
0.297216685,0.751161738,0.049086279,0.15424281,0.607196478,statistical
0.818545812,0.360745983,0.036289428,0.013650041,0.39255897,web-pro
0.818545812,0.360745983,0.036289428,0.013650041,0.39255897,micro-oop
0.272319187,0.179911709,0.147173525,0.078779451,0.669501148,web-pro
0.867915104,0.446181362,0.059434346,0.044460922,0.472838504,web-pro
0.867915104,0.446181362,0.059434346,0.044460922,0.472838504,database
0.627762639,0.734572238,0.073515869,0.24439009,0.124061599,micro-oop
0.624496095,0.553365749,0.110234955,0.098575884,0.744926127,oop
0.624496095,0.553365749,0.110234955,0.098575884,0.744926127,database
0.83556493,0.722358728,0.147385773,0.172933153,0.203682846,oop
0.776887204,0.365989625,0.083218358,0.022690135,0.552763008,web-pro
0.776887204,0.365989625,0.083218358,0.022690135,0.552763008,database
0.055201628,0.140330201,0.047856624,0.109765025,0.984854262,statistical
0.700808553,0.460302535,0.024304085,0.019825766,0.484141915,mobile
0.59783569,0.749745464,0.201917933,0.128652736,0.283409345,micro-oop
0.59783569,0.749745464,0.201917933,0.128652736,0.283409345,web-pro
0.498026259,0.06068062,0.049007239,0.527784,0.540549754,micro-oop
0.760618116,0.70152893,0.13584977,0.166348521,0.491806048,oop
0.760618116,0.70152893,0.13584977,0.166348521,0.491806048,statistical
0.934585041,0.539242336,0.165469067,0.102101006,0.323562901,web-des
0.934585041,0.539242336,0.165469067,0.102101006,0.323562901,web-pro
0.797142374,0.521284709,0.066422352,0.181794974,0.25677097,web-pro
0.797142374,0.521284709,0.066422352,0.181794974,0.25677097,web-des
0.748003755,0.636761503,0.061804145,0.042306649,0.67879094,oop
0.876904595,0.676696678,0.031533969,0.047324172,0.458156424,oop
0.546391882,0.832757562,0.074449875,0.338639279,0.156640008,micro-oop
0.546391882,0.832757562,0.074449875,0.338639279,0.156640008,web-pro
0.690297098,0.522325916,0.055361263,0.141249129,0.708643966,web-pro
0.90667831,0.297642414,0.272003937,0.055670191,0.224170989,web-pro
0.90667831,0.297642414,0.272003937,0.055670191,0.224170989,oop
0.90667831,0.297642414,0.272003937,0.055670191,0.224170989,web-des
0.80059612,0.37897212,0.03567441,0.00373436,0.495317275,web-pro
0.80059612,0.37897212,0.03567441,0.00373436,0.495317275,oop
0.862463231,0.432655685,0.282879908,0.105619238,0.441346321,micro-oop
0.862463231,0.432655685,0.282879908,0.105619238,0.441346321,web-pro
0.866353884,0.358751407,0.018280063,0.003025922,0.393344466,mobile
0.841324976,0.634405116,0.191797218,0.098753687,0.306739147,web-pro
0.657266833,0.810093069,0.065680878,0.145637847,0.57274325,web-pro
0.657266833,0.810093069,0.065680878,0.145637847,0.57274325,mobile
0.647981532,0.138134307,0.053463728,0.023724568,0.360819827,oop
0.647981532,0.138134307,0.053463728,0.023724568,0.360819827,web-pro
0.610796606,0.789682569,0.036859832,0.174864067,0.514050614,oop
0.565421374,0.791831198,0.005307308,0.008263764,0.735069772,oop
0.839399967,0.643691671,0.049342973,0.043287675,0.336634225,micro-oop
0.80425931,0.251666688,0.03864046,0.008669481,0.539356776,oop
0.850189916,0.352233255,0.100135308,0.036716865,0.360450362,oop
0.850189916,0.352233255,0.100135308,0.036716865,0.360450362,web-pro
0.850189916,0.352233255,0.100135308,0.036716865,0.360450362,web-des
0.890887615,0.391490295,0.016304252,0.072895372,0.293718855,mobile
0.797734117,0.498863565,0.064417264,0.072175801,0.260352774,oop
0.797734117,0.498863565,0.064417264,0.072175801,0.260352774,mobile
0.808103382,0.361219217,0.069034321,0.26824279,0.535689965,web-pro
0.808103382,0.361219217,0.069034321,0.26824279,0.535689965,web-des
0.740819275,0.742938767,0.275588506,0.141396978,0.687084717,database
0.950929396,0.615603054,0.221933817,0.084499795,0.333432545,oop
0.865459315,0.595805879,0.071297682,0.049740532,0.2875222,web-pro
0.865459315,0.595805879,0.071297682,0.049740532,0.2875222,micro-oop
0.162978729,0.081785828,0.140907458,0.047916067,0.833058282,oop
0.162978729,0.081785828,0.140907458,0.047916067,0.833058282,web-pro
0.825317296,0.477702358,0.05914782,0.064489442,0.4989169,web-pro
0.825317296,0.477702358,0.05914782,0.064489442,0.4989169,web-des
0.675583395,0.322711655,0.029604471,0.000468711,0.413500731,micro-oop
0.612352242,0.648523927,0.033840244,0.135889839,0.447035004,micro-oop
0.612352242,0.648523927,0.033840244,0.135889839,0.447035004,web-pro
0.952331594,0.421145221,0.075373602,0.090875202,0.391211836,web-pro
0.952331594,0.421145221,0.075373602,0.090875202,0.391211836,database
0.620943665,0.500253131,0.055645778,0.055377055,0.538442802,oop
0.620943665,0.500253131,0.055645778,0.055377055,0.538442802,web-pro
0.620943665,0.500253131,0.055645778,0.055377055,0.538442802,web-des
0.891397027,0.420537006,0.104720456,0.018634238,0.297114074,statistical
0.891397027,0.420537006,0.104720456,0.018634238,0.297114074,oop
0.876452211,0.383476965,0.049370107,0.021958596,0.290274849,oop
0.648476693,0.462391801,0.050101664,0.196584714,0.381573213,micro-oop
0.648476693,0.462391801,0.050101664,0.196584714,0.381573213,statistical
0.752494321,0.759297281,0.073486159,0.036270029,0.286324105,micro-oop
0.772939604,0.735178535,0.058138204,0.227203413,0.468085671,mobile
0.689475135,0.617379066,0.076615717,0.204422413,0.423705534,statistical
0.689475135,0.617379066,0.076615717,0.204422413,0.423705534,oop
0.47371981,0.818529533,0.072871749,0.115174244,0.078698778,oop
0.8154728,0.61647228,0.086319373,0.066257904,0.383836162,micro-oop
0.872275825,0.598892503,0.149027044,0.207218362,0.265053065,oop
0.872275825,0.598892503,0.149027044,0.207218362,0.265053065,web-pro
0.807389172,0.411726023,0.080848632,0.02336038,0.361264022,database
0.68352523,0.524965598,0.07075479,0.004755983,0.537127957,web-pro
0.68352523,0.524965598,0.07075479,0.004755983,0.537127957,web-des
0.405975646,0.52455092,0.003170138,0.010058659,0.749462565,web-des
0.405975646,0.52455092,0.003170138,0.010058659,0.749462565,web-pro
0.559474129,0.768967406,0.063643335,0.233914298,0.54952854,web-pro
0.681554427,0.300984365,0.106214862,0.001007101,0.2473048,web-pro
0.681554427,0.300984365,0.106214862,0.001007101,0.2473048,oop
0.813567679,0.711439529,0.174972985,0.079324931,0.519874412,web-pro
0.653081809,0.053648191,0.116182763,0.165994971,0.999827381,oop
0.653081809,0.053648191,0.116182763,0.165994971,0.999827381,database
0.554832682,0.055197822,0.260627877,0.199762468,0.999996624,oop
0.554832682,0.055197822,0.260627877,0.199762468,0.999996624,web-pro
0.739203887,0.53234513,0.079211153,0.065725058,0.469597115,web-pro
0.704348486,0.679876869,0.026758353,0.234448538,0.407365845,web-pro
0.704348486,0.679876869,0.026758353,0.234448538,0.407365845,mobile
0.704348486,0.679876869,0.026758353,0.234448538,0.407365845,database
0.786797445,0.705944989,0.131668636,0.161783259,0.404216831,statistical
0.909157638,0.620390162,0.124932345,0.394656248,0.418516126,oop
0.909157638,0.620390162,0.124932345,0.394656248,0.418516126,web-pro
0.941235851,0.518580769,0.075358697,0.039642863,0.308734898,micro-oop
0.941235851,0.518580769,0.075358697,0.039642863,0.308734898,oop
0.800436765,0.727098912,0.219261957,0.35958628,0.52165957,oop
0.800436765,0.727098912,0.219261957,0.35958628,0.52165957,web-pro
0.507942285,0.852057035,0.03665456,0.116784244,0.593025938,web-pro
0.847772421,0.689194372,0.199845956,0.035645616,0.173576421,oop
0.847772421,0.689194372,0.199845956,0.035645616,0.173576421,web-des
0.847772421,0.689194372,0.199845956,0.035645616,0.173576421,web-pro
0.783192473,0.401078919,0.043556099,0.00992025,0.286163806,micro-oop
0.808211283,0.83916443,0.115059275,0.301184275,0.482472412,mobile
0.808211283,0.83916443,0.115059275,0.301184275,0.482472412,oop
0.881810566,0.498819393,0.099874322,0.031842729,0.391152186,mobile
0.881810566,0.498819393,0.099874322,0.031842729,0.391152186,oop
0.814745175,0.413507244,0.032580654,0.012921685,0.601655947,web-des
0.814745175,0.413507244,0.032580654,0.012921685,0.601655947,web-pro
0.879238078,0.52952861,0.032473479,0.002675435,0.34701604,web-pro
0.879238078,0.52952861,0.032473479,0.002675435,0.34701604,web-des
0.863347317,0.478998668,0.078395418,0.126509504,0.438858114,micro-oop
0.863347317,0.478998668,0.078395418,0.126509504,0.438858114,statistical
0.14326504,0.671044578,0.044018019,0.266569866,0.57592023,web-pro
0.14326504,0.671044578,0.044018019,0.266569866,0.57592023,web-des
0.890465552,0.453340132,0.082215729,0.012154205,0.830480865,oop
0.744684009,0.519019778,0.103626213,0.016799703,0.328729269,web-pro
0.824176146,0.643334137,0.286867409,0.130834325,0.337808716,database
0.824176146,0.643334137,0.286867409,0.130834325,0.337808716,micro-oop
0.725113725,0.800203958,0.016482479,0.077371542,0.469660315,micro-oop
0.780159096,0.537970573,0.122737205,0.149172254,0.297130502,micro-oop
0.652507688,0.439093953,0.187340231,0.2727927,0.322431723,oop
0.803254213,0.762834684,0.11310494,0.06934241,0.560844528,oop
0.379760365,0.542795942,0.484834549,0.235338258,0.98388367,oop
0.72319164,0.859512998,0.048765581,0.38653198,0.83821473,micro-oop
0.750008448,0.878143015,0.019045256,0.131616414,0.96299051,oop
0.619490242,0.482220115,0.087379524,0.065873039,0.597722758,statistical
0.694096512,0.724164026,0.066394953,0.195107752,0.523193409,web-pro
0.694096512,0.724164026,0.066394953,0.195107752,0.523193409,web-des
0.655733891,0.410211952,0.31610422,0.029953678,0.802683943,oop
0.728023884,0.808183579,0.057982102,0.281255245,0.381845749,oop
0.728023884,0.808183579,0.057982102,0.281255245,0.381845749,web-pro
0.753418299,0.489187101,0.012796369,0.015970124,0.353600343,mobile
0.772403763,0.610622124,0.119783219,0.032257898,0.3653411,oop
0.63619634,0.491553876,0.056817104,0.034814052,0.599316772,oop
0.146162207,0.890121049,0.045655252,0.529949435,0.092210987,web-pro
0.146162207,0.890121049,0.045655252,0.529949435,0.092210987,database
0.713206495,0.275285546,0.03976527,0.069665731,0.690837225,web-pro
0.713206495,0.275285546,0.03976527,0.069665731,0.690837225,mobile
0.36913899,0.221233229,0.348940058,0.277749356,0.3653411,oop
0.832930128,0.686867971,0.114161013,0.195618113,0.400173538,micro-oop
0.807170672,0.411940889,0.031497836,0.069997007,0.447980592,mobile
0.815804449,0.574305698,0.056731368,0.056516947,0.344822278,oop
0.815804449,0.574305698,0.056731368,0.056516947,0.344822278,web-pro
0.952607733,0.509163241,0.052248871,0.000259189,0.256804356,web-pro
0.952607733,0.509163241,0.052248871,0.000259189,0.256804356,database
0.952607733,0.509163241,0.052248871,0.000259189,0.256804356,oop
0.633038301,0.5785295,0.21221651,0.038729323,0.639193829,oop
0.821884151,0.835385064,0.185644846,0.119135037,0.234402878,web-pro
0.821884151,0.835385064,0.185644846,0.119135037,0.234402878,micro-oop
0.503467842,0.632194648,0.079593789,0.156381686,0.433959479,micro-oop
0.702987131,0.279976735,0.052514879,0.010341991,0.89360101,web-pro
0.876602073,0.540379249,0.024740508,0.068348806,0.125800438,mobile
0.658558764,0.431965163,0.135904008,0.003742781,0.339643302,web-pro
0.658558764,0.431965163,0.135904008,0.003742781,0.339643302,database
0.833674318,0.622601864,0.096078151,0.153112154,0.45704153,statistical
0.833674318,0.622601864,0.096078151,0.153112154,0.45704153,oop
0.658257571,0.69990794,0.086345758,0.025630255,0.532350812,mobile
0.418964786,0.9402202,0.176753845,0.582119214,0.354753002,web-pro
0.862415365,0.544297785,0.056973905,0.073877625,0.437571266,mobile
0.60400963,0.656468729,0.015782267,0.102117282,0.375255419,web-pro
0.60400963,0.656468729,0.015782267,0.102117282,0.375255419,micro-oop
0.773803231,0.625219266,0.045909822,0.147254636,0.507110726,micro-oop
0.760322377,0.694383176,0.074185865,0.091131159,0.352714864,oop
0.953724771,0.891409506,0.128503056,0.0480752,0.381090689,oop
0.230019561,0.403820936,0.372671847,0.239065191,0.998311858,database
0.230019561,0.403820936,0.372671847,0.239065191,0.998311858,oop
0.125475879,0.62597769,0.021824268,0.102921361,0.025200844,web-pro
0.125475879,0.62597769,0.021824268,0.102921361,0.025200844,database
0.696293923,0.863698294,0.095981542,0.226782384,0.561571879,oop
0.32282941,0.529011502,0.022263969,0.01499084,0.586595639,oop
0.32282941,0.529011502,0.022263969,0.01499084,0.586595639,web-pro
0.876933678,0.594591857,0.072663496,0.022829532,0.218648286,micro-oop
0.406010217,0.485790453,0.009758604,0.04633807,0.612904059,micro-oop
0.406010217,0.485790453,0.009758604,0.04633807,0.612904059,database
0.642582864,0.543363054,0.021664132,0.007582105,0.432137353,oop
0.843659987,0.611212878,0.240124102,0.041239434,0.203242241,oop
0.810707351,0.620514277,0.168132102,0.056595076,0.320038924,database
0.9099617,0.423150048,0.0817921,0.052570179,0.305526553,web-pro
0.9099617,0.423150048,0.0817921,0.052570179,0.305526553,database
0.798987139,0.330366065,0.031117768,0.006610231,0.356545842,micro-oop
0.734743049,0.832239716,0.13737588,0.361334336,0.336352998,oop
0.734743049,0.832239716,0.13737588,0.361334336,0.336352998,web-pro
0.456843964,0.217280778,0.062222653,0.176569082,0.996528971,web-pro
0.456843964,0.217280778,0.062222653,0.176569082,0.996528971,web-des
0.807535734,0.627699881,0.085095898,0.195520489,0.237264579,web-pro
0.807535734,0.627699881,0.085095898,0.195520489,0.237264579,micro-oop
0.807535734,0.627699881,0.085095898,0.195520489,0.237264579,database
0.696461214,0.374715871,0.112258432,0.135788436,0.785725289,micro-oop
0.696461214,0.374715871,0.112258432,0.135788436,0.785725289,oop
0.752110577,0.499722353,0.063239595,0.063090842,0.565305674,web-pro
0.587649139,0.10309397,0.259784675,0.244064487,0.999999999,micro-oop
0.509791798,0.884783521,0.026598822,0.21099541,0.516656875,micro-oop
0.509791798,0.884783521,0.026598822,0.21099541,0.516656875,web-pro
0.664251048,0.928649607,0.139044626,0.523522793,0.08072102,web-pro
0.664251048,0.928649607,0.139044626,0.523522793,0.08072102,web-des
0.357856148,0.913591656,0.115334505,0.009346314,0.008113386,oop
0.753129015,0.44140806,0.167044548,0.220747375,0.802074406,oop
0.424839632,0.734076851,0.002272637,0.040722299,0.158433596,micro-oop
0.612392755,0.743831621,0.091004569,0.055379635,0.430288286,micro-oop
0.612392755,0.743831621,0.091004569,0.055379635,0.430288286,web-pro
0.574566062,0.670292455,0.090998323,0.097397586,0.715043639,statistical
0.926019176,0.200468854,0.038472272,0.039077451,0.591860502,oop
0.195651012,0.24597032,0.310075008,0.269335213,0.658145176,mobile
0.52437282,0.858908683,0.008975198,0.087253629,0.569765222,oop
0.706412963,0.407881442,0.056462204,0.183710288,0.9414177,web-pro
0.695221311,0.83246647,0.159066787,0.508586469,0.273923657,web-pro
0.965111254,0.5684613,0.366114289,0.219484991,0.170676033,oop
0.965111254,0.5684613,0.366114289,0.219484991,0.170676033,oop
0.965111254,0.5684613,0.366114289,0.219484991,0.170676033,web-pro
0.681743908,0.660584941,0.054343582,0.134662992,0.564528957,oop
0.681743908,0.660584941,0.054343582,0.134662992,0.564528957,web-pro
0.315943205,0.572286168,0.051290536,0.09116375,0.543521834,mobile
0.748663321,0.732906595,0.144150382,0.174157866,0.543674268,mobile
0.730350486,0.410299836,0.044897842,0.025147262,0.555463885,mobile
0.730350486,0.410299836,0.044897842,0.025147262,0.555463885,web-pro
0.730350486,0.410299836,0.044897842,0.025147262,0.555463885,oop
0.031431121,0.199404006,0.039504936,0.052377434,0.81344519,mobile
0.031431121,0.199404006,0.039504936,0.052377434,0.81344519,web-pro
0.787542911,0.48541012,0.094365121,0.136949711,0.387216489,web-pro
0.418219659,0.603223671,0.151793804,0.123924604,0.728582144,web-pro
0.418219659,0.603223671,0.151793804,0.123924604,0.728582144,web-des
0.826628929,0.40888026,0.124455591,0.003519965,0.281034018,micro-oop
0.826628929,0.40888026,0.124455591,0.003519965,0.281034018,oop
0.744423513,0.377509394,0.075575902,0.057927459,0.414543543,mobile
0.639259798,0.218336376,0.021285265,0.02162725,0.860901119,mobile
0.244924716,0.184920117,0.100264585,0.045883061,0.675079896,web-pro
0.244924716,0.184920117,0.100264585,0.045883061,0.675079896,web-des
0.836492424,0.66413267,0.190176154,0.113090829,0.50928293,mobile
0.606571308,0.509279814,0.023161487,0.001226467,0.903916363,oop
0.677340146,0.912872405,0.256686661,0.484710852,0.154562464,web-pro
0.396498728,0.844291309,0.023454277,0.317648556,0.314654076,web-pro
0.396498728,0.844291309,0.023454277,0.317648556,0.314654076,web-des
0.862353092,0.462366116,0.028595803,0.062641672,0.210051531,micro-oop
0.862353092,0.462366116,0.028595803,0.062641672,0.210051531,web-pro
0.720900569,0.690935425,0.112900811,0.254919019,0.165224858,web-pro
0.396423109,0.344482026,0.341546925,0.355964111,0.999312135,statistical
0.579344997,0.895174339,0.034593099,0.22442993,0.322489744,web-pro
0.57606529,0.780872154,0.078835561,0.074386064,0.806855707,oop
0.57606529,0.780872154,0.078835561,0.074386064,0.806855707,mobile
0.455901399,0.708260856,0.043006931,0.114352412,0.594286755,mobile
0.455901399,0.708260856,0.043006931,0.114352412,0.594286755,oop
0.181284093,0.869776899,0.01588227,0.442216095,0.20434,oop
0.823883736,0.59587732,0.174695434,0.114141071,0.351723594,oop
0.823883736,0.59587732,0.174695434,0.114141071,0.351723594,web-pro
0.875840027,0.782732963,0.033222995,0.038614561,0.814270539,oop
0.548053368,0.716118923,0.012239434,0.061177192,0.568716522,micro-oop
0.548053368,0.716118923,0.012239434,0.061177192,0.568716522,database
0.85408163,0.326642129,0.100354454,0.007971885,0.746941476,oop
0.589477262,0.630733767,0.152942016,0.103662555,0.350409282,oop
0.589477262,0.630733767,0.152942016,0.103662555,0.350409282,micro-oop
0.589477262,0.630733767,0.152942016,0.103662555,0.350409282,web-pro
0.982532834,0.310679382,0.082869494,0.091421653,0.35780972,oop
0.684501108,0.789924765,0.096443465,0.352176656,0.454441357,micro-oop
0.874244996,0.718907197,0.065935316,0.046252991,0.226888537,statistical
0.874244996,0.718907197,0.065935316,0.046252991,0.226888537,oop
0.763159212,0.531992007,0.111036014,0.017976839,0.50336439,web-des
0.763159212,0.531992007,0.111036014,0.017976839,0.50336439,web-pro
0.863755413,0.806133889,0.258529638,0.513392871,0.30798403,web-pro
0.863755413,0.806133889,0.258529638,0.513392871,0.30798403,mobile
0.954644059,0.583271857,0.240759892,0.203752914,0.275597379,micro-oop
0.954644059,0.583271857,0.240759892,0.203752914,0.275597379,oop
0.865849576,0.704753015,0.495173269,0.536436832,0.471284421,oop
0.614262002,0.830437274,0.047744583,0.142451609,0.880859456,oop
0.621264061,0.773734115,0.010224422,0.054136641,0.724089679,micro-oop
0.626864364,0.581510683,0.198539946,0.139693075,0.294467654,micro-oop
0.771783202,0.703556167,0.058701387,0.053051109,0.52130266,web-pro
0.771783202,0.703556167,0.058701387,0.053051109,0.52130266,web-des
0.317891532,0.456493813,0.126867497,0.176834694,0.025140232,oop
0.331229316,0.457055352,0.460586936,0.130896414,0.978197403,web-pro
0.844802244,0.182395842,0.010128927,0.003605801,0.344285812,mobile
0.583442403,0.356654942,0.071045542,0.28954019,0.990294721,oop
0.270194665,0.727981365,0.026305603,0.042984742,0.360506182,web-pro
0.270194665,0.727981365,0.026305603,0.042984742,0.360506182,micro-oop
0.818757829,0.373769234,0.017830045,0.027032428,0.252334389,oop
0.402104268,0.526949083,0.374639118,0.184504445,0.99739461,database
0.402104268,0.526949083,0.374639118,0.184504445,0.99739461,web-pro
0.926079076,0.256105736,0.057787512,0.013235581,0.40222644,oop
0.803038041,0.505525554,0.053891915,0.002893226,0.066196045,mobile
0.803038041,0.505525554,0.053891915,0.002893226,0.066196045,oop
0.839641483,0.521381603,0.063137589,0.03669342,0.363520736,web-pro
0.76498334,0.49116318,0.09659534,0.122079702,0.548017635,oop
0.840220139,0.755477609,0.059132925,0.219711169,0.358708008,mobile
0.199777354,0.561092872,0.123837888,0.331286006,0.001528886,micro-oop
0.199777354,0.561092872,0.123837888,0.331286006,0.001528886,web-pro
0.870376276,0.471858087,0.049517029,0.048638498,0.53015012,oop
0.870376276,0.471858087,0.049517029,0.048638498,0.53015012,mobile
0.833881076,0.531030551,0.13340527,0.210025778,0.292302019,web-pro
0.833881076,0.531030551,0.13340527,0.210025778,0.292302019,mobile
0.766124737,0.808682295,0.034435688,0.22043643,0.444468381,web-pro
0.738083654,0.736668186,0.094487628,0.10028818,0.306310518,micro-oop
0.738083654,0.736668186,0.094487628,0.10028818,0.306310518,database
0.589325165,0.408465059,0.043751947,0.081464993,0.834821749,web-pro
0.433290523,0.821040698,0.093416853,0.203823142,0.542747426,web-pro
0.433290523,0.821040698,0.093416853,0.203823142,0.542747426,micro-oop
0.951560499,0.712767583,0.556862629,0.208410602,0.208678728,web-pro
0.951560499,0.712767583,0.556862629,0.208410602,0.208678728,web-des
0.451436734,0.653997375,0.207833597,0.158633317,0.116875051,database
0.451436734,0.653997375,0.207833597,0.158633317,0.116875051,web-pro
0.898176493,0.602133766,0.254910644,0.206719063,0.397562423,micro-oop
0.898176493,0.602133766,0.254910644,0.206719063,0.397562423,web-pro
0.49372524,0.667781493,0.008948489,0.014907064,0.883090097,database
0.49372524,0.667781493,0.008948489,0.014907064,0.883090097,web-pro
0.696830367,0.881127345,0.07565417,0.139432157,0.590539358,database
0.696830367,0.881127345,0.07565417,0.139432157,0.590539358,micro-oop
0.81903716,0.508280511,0.244026927,0.062376726,0.362881911,oop
0.678631843,0.715062321,0.153996308,0.079184107,0.228808652,mobile
0.97640847,0.570244023,0.076622234,0.039138546,0.204303459,oop
0.97640847,0.570244023,0.076622234,0.039138546,0.204303459,micro-oop
0.877544156,0.900477965,0.205793596,0.32113263,0.288710828,oop
0.235507739,0.038128894,0.073473723,0.022819872,0.976883238,oop
0.235507739,0.038128894,0.073473723,0.022819872,0.976883238,web-pro
0.83535117,0.679673287,0.11798906,0.225156642,0.35222286,web-pro
0.917567475,0.296724857,0.026903022,0.019043579,0.296191475,oop
0.854836497,0.900452499,0.111408001,0.354938868,0.130985198,micro-oop
0.839452972,0.675087247,0.099987521,0.086736205,0.156590796,micro-oop
0.317153846,0.265038991,0.399076852,0.268285125,0.999857369,web-pro
0.317153846,0.265038991,0.399076852,0.268285125,0.999857369,web-des
0.53323933,0.42163343,0.041865089,0.034792988,0.719909145,web-pro
0.53323933,0.42163343,0.041865089,0.034792988,0.719909145,oop
0.544626149,0.492011649,0.116523235,0.158979779,0.492029289,database
0.544626149,0.492011649,0.116523235,0.158979779,0.492029289,micro-oop
0.510704514,0.766099459,0.045642287,0.096419787,0.488115697,oop
0.671166327,0.458217198,0.175423274,0.070268397,0.642400391,web-pro
0.671166327,0.458217198,0.175423274,0.070268397,0.642400391,web-des